Boukerche, Azzedine;Azzedine Boukerche
BATISTA, RODOLFO BEZERRA;Rodolfo Bezerra Batista
SCAREL, FELIPE BRANDT;Felipe Brandt Scarel
DE SOUZA, LAVIR ANTONIO BAHIA CARVALHO;Lavir Antonio Bahia Carvalho de Souza
Eusse, Juan Fernando;Juan Fernando Eusse
Ricardo P Jacobi;Ricardo Pezzuol Jacobi
Jacobi, Ricardo Pezzuol;Ricardo Pezzuol Jacobi
Leite, Alessandro Ferreira;Alessandro Ferreira Leite
Mendes, Hammurabi Chagas;Hammurabi das Chagas Mendes
Hamidouche, Khaled;Khaled Hamidouche
Mendonca, Fernando Machado;Fernando Machado Mendonça
Falcou, Joel;Joel Falcou
Etiemble, Daniel;Daniel Etiemble
ARAUJO MACEDO, EMERSON;Emerson De Araujo Macedo
PFITSCHER, GERSON HENRIQUE;Gerson Henrique Pfitscher
ZHENG, JIANYA;Jianya Zheng
UDEN, LORNA;Lorna Uden
SANDES, EDANS F. DE O.;Edans Flavius de Oliveira Sandes
MIRANDA, GUILLERMO;Guillermo Miranda
MARTORELL, XAVIER;Xavier Martorell
SUNDFELD, DANIEL;Daniel Sundfeld
HAVGAARD, JAKOB H.;Jakob Hull Havgaard
GORODKIN, JAN;Jan Gorodkin
SANDES, EDANS FLAVIUS O.;Edans Flavius de Oliveira Sandes
AYGUADE, EDUARD;Eduard Ayguade
TEODORO, GEORGE;George Luiz Medeiros Teodoro
EISENBEIS, CHRISTINE;Christine Eisenbeis
TADONKI, CLAUDE;Claude Tadonki
RALHA, CÉLIA GHEDINI;Celia Ghedini Ralha
KURÇ, TAHSIN M.;Tahsin M. Kurç
TAVEIRA, LUÍS F. R.;Luís F R Taveira
GAO, YI;Yi Gao
KONG, JUN;Jun Kong
SALTZ, JOEL H.;Joel Saltz
ALVES, VANDER;Vander Alves
RODRIGUES, GENAÍNA NUNES;Genaina Nunes Rodrigues
SANDES, EDANS F O;Edans Flavius De Oliveira Sandes
PORTELLA, GUSTAVO;Gustavo Portella
NAKANO, EDUARDO;Eduardo Yoshio Nakano
Jeremias Moreira;Jeremias Moreira Gomes
GOMES, JEREMIAS;Jeremias Moreira Gomes
KURC, TAHSIN;Tahsin M. Kurç
DE FIGUEIREDO, MARCO ANTONIO C.;Marco Antonio Caldas de Figueiredo Jr
DE OLIVEIRA SANDES, EDANS F.;Edans Flavius de Oliveira Sandes
TAVEIRA, LUIS F. R.;Luís F R Taveira
BREMER, ERICH;Erich Bremer
PÉREZ-SERRANO, JESÚS;Jesús Pérez-Serrano
SANDES, EDANS;Edans Flavius De Oliveira Sandes
UJALDÓN, MANUEL;Manuel Ujaldon
BARREIROS, WILLIAN;Willian de Oliveira Barreiros Júnior
SILVA, GABRIEL H.G.;Gabriel H. G. Silva
SANDES, EDANS F.O.;Edans Flavius De Oliveira Sandes
TEODORO, GEORGE L.M.;George Luiz Medeiros Teodoro
JORGE, CARLOS A. C.;Carlos A. C. Jorge
NERY, ALEXANDRE S.;Alexandre Solon Nery
GOLDMAN, ALFREDO;Alfredo Goldman
MOREIRA, JEREMIAS;Jeremias Moreira Gomes
FIGUEIREDOJR, MARCO ANTONIO CALDAS DE;Marco Antonio Caldas de Figueiredo Jr
NAVARRO, JOAO PAULO;Joao Paulo Navarro
SANDES, EDANS FLAVIUS DE OLIVEIRA;Edans Flavius De Oliveira Sandes
FERREIRA, RENATO;Renato Ferreira 
GUIMARAES, FELIPE PONTES;Felipe Pontes Guimaraes
CÉLESTIN, PEDRO;Pedro Célestin
BATISTA, DANIEL MACEDO;Daniel Macedo Batista
Boeres, Cristina;Cristina Boeres
Rebello, Vinod E.F.;Vinod E.F. Rebello
Ribeiro, Celso C.;Celso C. Ribeiro
FREITAS, PEDRO GARCIA;Pedro Garcia Freitas
FREITAS, PEDRO G.;Pedro Garcia Freitas
TEIXEIRA, EDUARDO HENRIQUE;Eduardo Henrique Teixeira
DE SOUZA BRITO, JOSÉ BENEDITO;José Benedito De Souza Brito
VERGARA, GUILHERME;Guilherme Vergara
ROSA, MICHEL;Michel J.F.Rosa
MOURA, BRENO;Breno R. Moura
FERREIRA, ANTONIO M. A.;Antonio M. A. Ferreira
Sergio Linfzchit;Sergio Lifschitz
LIFSCHITZ, SERGIO;Sergio Lifschitz
SILVA, WALDEYR MENDES CORDEIRO DA;Waldeyr Mendes Cordeiro da Silva
CASTRO, KLAYTON;Klayton Castro
ALET&, N.A.;Aleteia Patricia Favacho de Araujo
EACUTE, N.A.;DELETAR
UACUTE, N.A.;DELETAR
JO, N.A.;DELETAR
WALTER, MARIA EMÍLIA MACHADO TELLES;Maria Emilia Machado Telles Walter
WERCELENS, POLYANE;Polyane Wercelens
DA SILVA, WALDEYR;Waldeyr Mendes Cordeiro da Silva
HONDO, FERNANDA;Fernanda Hondo
RAMOS, GUILHERME;Guilherme Novaes Ramos
VON BORRIES, GEORGE;George von Borries
Roberto Morão;Roberto Mourao
MOURÃO, ROBERTO;Roberto Mourao
ROSA, MICHEL J.F.;Michel J.F.Rosa
COSTA, BRENO;Breno G. S. Costa
BACHIEGA, JOAO;Joao Bachiega Junior
Leonardo Rebouças de Carvalho;Leonardo Reboucas De Carvalho
de Carvalho, Leonardo Rebouças;Leonardo Reboucas De Carvalho
DE SANTI, JULIANA;Juliana de Santi
DA FONSECA, NELSON L.S.;Nelson Luis Saldanha da Fonseca
CHEN, XIAOMIN;Xiaomin Chen
PONTES, ALISSON S.L.;Alisson S. L. Pontes
SANTOS, RAFAEL F.;Rafael F. Santos
ANDRIONI, ALESSANDRO;Alessandro Andrioni
XAVIER, EDUARDO C.;Eduardo Candido Xavier
COSTA, LUCAS R.;Lucas Rodrigues Costa
RESENDE, PAULO ANGELO ALVES;Paulo Angelo Alves Resende
BRASILEIRO, ÍTALO;Ítalo Barbosa Brasileiro
COSTA, LUCAS;Lucas Rodrigues Costa
BRASILEIRO, ITALO B.;Ítalo Barbosa Brasileiro
Brandi, Fernanda;Fernanda Brandi
Peixoto, Eduardo;Eduardo Peixoto
de Queiroz, Ricardo L.;Ricardo Lopes de Queiroz
Mukherjee, Debargha;Debargha Mukherjee
Mukherjee,;Debargha Mukherjee
de Queiroz,;Ricardo Lopes de Queiroz
Ishihara, João Y.;Joao Yoshiyuki Ishihara
Terra, Marco H.;Marco Henrique Terra
Melo, Salvador A;Salvador A Melo Júnior
Hervaldo Sampaio  CARVALHO;Hervaldo Sampaio Carvalho
Hervaldo S. Carvalho;Hervaldo Sampaio Carvalho
hervaldo S. Carvalho;Hervaldo Sampaio Carvalho
Andrade, Marcelino M;Marcelino Monteiro de Andrade
Carvalho, João LA;Joao Luiz Azevedo de Carvalho
Carvalho, Hervaldo S;Hervaldo Sampaio Carvalho
Vasconcelos, Daniel F;Daniel F. Vasconcelos
Berger, Pedro A;Pedro de Azevedo Berger
da Rocha, Adson F;Adson Ferreira da Rocha
Nascimento, Francisco AO;Francisco Assis de Oliveira Nascimento
GUERIN, NILSON DONIZETE;Nilson Donizete Guerin
NASCIMENTO, F. A. O.;Francisco Assis de Oliveira Nascimento
Marcus Vinicius Lamar;Marcus Vinícius Lamar
TRABUCO, MARCEL H.;Marcel H. Trabuco
Marcus Kyioshi Inoue;Marcus Kiyoshi Inoue
COSTA, MARCUS V. C.;Marcus V. C. Costa
NASCIMENTO, FRANCISCO ASSIS DE O.;Francisco Assis de Oliveira Nascimento
NASCIMENTO, FRANCISCO A.O.;Francisco Assis de Oliveira Nascimento
GUSMÃO, DAVI B.;Davi Benevides Gusmao
COSTA, MARCUS V.C.;Marcus V. C. Costa
GARCIA, DIOGO C.;Diogo Caetano Garcia
FERREIRA, RENAN U. B.;Renan U. Ferreira
FREITAS, DAVI R.;Davi R. Freitas
HIGA, ROGERIO;Rogerio Higa
SEIDEL, ISMAEL;Ismael Seidel
TESTONI, VANESSA;Vanessa Testoni
ZHANG, LAN;Lan Zhang 
HUSTADT, ULLRICH;Ullrich Hustadt
Bruno Macchiavello;Bruno Luiggi Macchiavello Espinoza
Bruno Luiggi Macchiavello;Bruno Luiggi Macchiavello Espinoza
LOPES, BRUNO;Bruno L. Dalmazo
DOWEK, GILLES;Gilles Dowek
HAEUSLER, EDWARD HERMANN;Edward Hermann Haeusler
Marcos, João;Joao Marcos de Almeida
FERREIRA, DIOGO R.;Diogo R. Ferreira
SZIMANSKI, FERNANDO;Fernando Szimanski
Cauê Zaghetto;Cauê Zaghetto
ZAGHETTO, CAUÊ;Cauê Zaghetto
LUIZ LARANJEIRA;Luiz Laranjeira
AGUIAR, LUIZ HENRIQUE M.;Luiz Henrique Morais Aguiar
ZAGHETTO, ALEXANDRE;Alexandre Zaghetto
NUNES, VANESSA T.;Vanessa Tavares Nunes
SANTORO, FLAVIA M.;Flávia Maria Santoro
WERNER, CLAUDIA M. L.;Cláudia Maria Lima Werner
Carolina G. Abreu;Carolina Gonçalves Abreu
Carolina Golçalves Abreu;Carolina Gonçalves Abreu
Rinaldi M Neto;Rinaldi Maya Neto
ABREU, CAROLINA G.;Carolina Gonçalves Abreu
DE ARAÚJO NETO, JOSÉ PERGENTINO;Jose Pergentino Araujo Neto
Pianto, Donald M.;Donald Matthew Pianto
Rosa, Paulo Sérgio;Paulo Sérgio Rosa
Gartner, Ivan Ricardo;Ivan Ricardo Gartner
ARAÚJO NETO, JOSÉ PERGENTINO;Jose Pergentino Araujo Neto
SEGATO, TIAGO HENRIQUE FACCIO;Tiago Henrique Faccio Segato
FERNANDES, SÉRGIO EDUARDO SOARES;Sérgio Eduardo Soares Fernandes
DEALMEIDA, JONATHAN M.;Jonathan M. DeAlmeida
DASILVA, LUIZ;Luiz A. DaSilva
BONATO BOTH, CRISTIANO BONATO;Cristiano Bonato Both
DE OLIVEIRA, GUIDO DUTRA;Guido Dutra De Oliveira
PORTO, PEDRO PHELIPE GONÇALVES;Pedro Phelipe Gonçalves Porto
ALVES, CONCEIÇÃO DE MARIA ALBUQUERQUE;Conceiçao De Maria Albuquerque Alves
Cássio G.C. Coelho;Cássio Giorgio Couto Coelho
Cassio Giorgio Couto Coelho;Cássio Giorgio Couto Coelho
COELHO, CÁSSIO GIORGIO COUTO;Cássio Giorgio Couto Coelho
PONTES, CAMILA F. T.;Camila F. T. Pontes
DASILVA, LUIZ A.;Luiz DaSilva
BOTH, CRISTIANO B.;Cristiano Bonato Both
GONDIM, JOAO J. C.;Joao Jose da Costa Gondim
Samuel Tschiedel Curado De Magalhães Guedes;Samuel T. C. de M. Guedes
GUEDES, SAMUEL T.C. DE M.;Samuel T. C. de M. Guedes
NASCIMENTO, ABADIA R.;Abadia R. Nascimento
MELO-PINTO, PEDRO;Pedro Melo-Pinto
FLORES, MARTA R.P.;Marta R. P. Flores
MELANI, RODOLFO F.H.;Rodolfo F. H. MELANI
GUIMARÃES, MARCO A.;Marco Aurelio Guimaraes 
MACHADO, CARLOS E.P.;Carlos E P Machado
IDROBO-PIZO, GERARDO A.;Gerardo A. Idrobo-Pizo
MOTTA, JOSÉ MAURÍCIO S.T.;José Maurício S.T. Motta
ALVES, ADÃO NUNES;Adao Nunes Alves
SOUZA, WITENBERG S.R.;Witenberg S.R. Souza
CARVALHO, OSMAR LUIZ FERREIRA DE;Osmar Luiz Ferreira de Carvalho
Osmar Abílio De Carvalho Junior;OSMAR ABÍLIO DE CARVALHO JUNIOR
DE CARVALHO JÚNIOR, OSMAR ABÍLIO;OSMAR ABÍLIO DE CARVALHO JUNIOR
ALBUQUERQUE, ANESMAR OLINO DE;Anesmar Olino de Albuquerque
BEM, PABLO POZZOBON DE;Pablo Pozzobon de Bem
SILVA, CRISTIANO ROSA;Cristiano Rosa Silva
FERREIRA, PEDRO HENRIQUE GUIMARÃES;Pedro Henrique Guimaraes Ferreira
MOURA, REBECA DOS SANTOS DE;Rebeca dos Santos de Moura
GOMES, ROBERTO ARNALDO TRANCOSO;Roberto Arnaldo Trancoso Gomes
GUIMARÃES, RENATO FONTES;Renato Fontes Guimaraes
DA FONSECA, RONEI DELFINO;Ronei Delfino da Fonseca
SANTOS, PAULO ROBERTO;Paulo Roberto do Santos
MONTEIRO, MELISSA SILVA;Melissa Silva Monteiro
FERNANDES, LUCIANA ALVES;Luciana Alves Fernandes
CAMPOS, ANDREIA HENRIQUE;Andreia Henrique Campos
ROSA, SUÉLIA DE SIQUEIRA RODRIGUES FLEURY;Suélia de Siqueira Rodrigues Fleury Rosa
TOQUICA, JUAN S.;Juan S. Toquica
OLIVEIRA, PATRÍCIA S.;Patrícia S. Oliveira
DE ALBUQUERQUE, ANESMAR OLINO;Anesmar Olino de Albuquerque
DE CARVALHO, OSMAR LUIZ FERREIRA;Osmar Luiz Ferreira de Carvalho
E SILVA, CRISTIANO ROSA;Cristiano Rosa Silva
DE BEM, PABLO POZZOBON;Pablo Pozzobon de Bem
TRANCOSO GOMES, ROBERTO ARNALDO;Roberto Arnaldo Trancoso Gomes
PIMENTEL, CONCEPTA MARGARET MCMANUS;Concepta Mcmanus
DA SILVA, DIEGO ALVES;Diego Alves da Silva
HAMAWAKI, CRISTIANE LEMES;Cristiane Lemes Hamawaki
MARINHO JULIATTI, BRENO CEZAR;Breno Cezar Marinho Juliatti
SANTOS NASCIMENTO, LUCAS DOS;Lucas dos Santos Nascimento
HAMAWAKI, OSVALDO TOSHIYUKI;Osvaldo Toshiyuki Hamawaki
JULIATTI, FERNANDO CEZAR;Fernando Cezar Juliatti
OLIVEIRA NOGUEIRA, ANA PAULA;Ana Paula Oliveira Nogueira
LIMA, LUCAS;Lucas Lima
DE CASTRO, THIAGO MAEL;Thiago Mael de Castro
FERNANDES, RICARDO;Ricardo Fernandes
PALMEIRA, ALISSON;Alisson Palmeira
KULESZA, UIRÁ;Uirá Kulesza
ZACARIAS, ELIAKIM;Eliakim Zacarias
DE ALMEIDA, LUCIANO R.;Luciano R. de Almeida
PRETTZ, JULIANO B.;Juliano B. Prettz
Edson Ishikawa;Edison Ishikawa
DA COSTA, JOÃO PAULO C.L.;Joao Paulo C.L. da Costa
DE FREITAS, EDISON P.;Edison Pignaton de Freitas
DE SOUSA, RAFAEL T.;Rafael Timoteo De Sousa Junior
PEREIRA, CAÍQUE DE PAULA;Caíque de Paula Pereira
DE SOUSA JUNIOR, RAFAEL;Rafael Timoteo De Sousa Junior
GARCÍA VILLALBA, LUIS;Luis Javier García Villalba
KIM, TAI-HOON;Tai-Hoon Kim
SANTOS, GIOVANNI ALMEIDA;Giovanni Santos
LEITE, LETICIA LOPES;Letícia Lopes Leite
CLARA, ANGELA MARIA CRISTINA;Angela Maria Cristina Clara
DE SOUSA JÚNIOR, RAFAEL TIMÓTEO;Rafael Timoteo De Sousa Junior
CÂMARA, ALBERTO LEITE;Alberto Leite Câmara
FIGUEIREDO, REJANE MARIA DA COSTA;Rejane Maria da Costa Figueiredo
LEÃO, HELOISE;Heloise Acco Tives Leao
ANDRADE DE FREITAS, SERGIO ANTONIO;Sergio Freitas
ALVES DE JESUS, DIONLAN;Dionlan Alves de Jesus
ANDRADE DEFREITAS, SÉRGIO;Sergio Freitas
SANTOS FELISDÓRIO, RODRIGO;Rodrigo César Santos Felisdório
DOS SANTOS, YAGO;Yago Luiz dos Santos
FERREIRA, VINÍCIUS GOMES;Vinícius Gomes Ferreira
PARENTE DA COSTA, RUYTHER;Ruyther Parente da Costa
DE SOUSA, RAFAEL TIMOTEO;Rafael Timoteo De Sousa Junior
GARCIA VILLALBA, LUIS JAVIER;Luis Javier García Villalba
Heloise Acco Tives Leão;Heloise Acco Tives Leao
ACCO TIVES, HELOISE;Heloise Acco Tives Leao
BOGO MARIOTI, MADIANITA;Madianita Bogo
FAGUNDES, FABIANO;Fabiano Fagundes
SIQUEIRA DE CERQUEIRA, JOSÉ ANTONIO;José Antonio Siqueira de Cerqueira
VIEIRA AMARAL, LUIS HENRIQUE;Luis Henrique Vieira Amaral
COUTINHO, MORAMAY;Moramay Coutinho
Georges Amvame Nze;Georges Daniel Amvame Nze
AMVAME NZE, GEORGES DANIEL;Georges Daniel Amvame Nze
DE SOUSA JUNIOR, RAFAEL TIMOTEO;Rafael Timoteo De Sousa Junior
FERREIRA MARTINS, HUGO;Hugo Martins
CARVALHO DE OLIVEIRA JUNIOR, ANTÔNIO;Antônio Carvalho de Oliveira Junior
Ricardo Ajax Dias Kosloshi;Ricardo Ajax Dias Kosloski
DIAS KOSLOSKI, RICARDO AJAX;Ricardo Ajax Dias Kosloski
ÁVILA PALDÊS, ROBERTO;Roberto Avila Paldês
Edgar Costa Oliveira;Edgard Costa Oliveira
COSTA OLIVEIRA, EDGARD;Edgard Costa Oliveira
TOFFANO SEIDEL CALAZANS, ANGELICA;Angélica Toffano Seidel Calazans
TOFFANO SEIDEL MASSON, ELOISA;Eloisa Toffano Seidel Masson
TEIXEIRA COSTA, PEDRO HENRIQUE;Pedro Henrique Teixeira Costa
LIMA, FERNANDA;Fernanda Lima
MORAIS DO VALE, ANA PAULA;Ana Paula Morais do Vale
PATRÃO, RAFAEL LEITE;Rafael Leite Patrão
CAMARGO DE SOUZA, LEOMAR;Leomar Camargo de Souza
MACHADO GRAVINA, ROGÉRIO;Rogério Machado Gravina
ELOY DOS REIS, VINICIUS;Vinicius Eloy dos Reis
LÚCIO LOPES MENDONÇA, FÁBIO;Fábio Lúcio Lopes Mendonça
T. DE SOUSA, RAFAEL;Rafael Timoteo De Sousa Junior
PINHEIRO, ALEXANDRE;Alexandre Pinheiro
ALBUQUERQUE, ROBSON DE OLIVEIRA;Robson de Oliveira Albuquerque
FERRÃO, SÂMMARA ÉLLEN RENNER;Sammara Ellen Renner Ferrao
CARVALHO, ARTUR POTIGUARA;Artur Potiguara Carvalho
MOTA, ALANA PAULA BARBOSA;Alana Paula Barbosa Mota
COSTA, PEDRO HENRIQUE TEIXEIRA;Pedro Henrique Teixeira Costa
CERQUEIRA, ANDERSON JEFFERSON;Anderson Jefferson Cerqueira
Ribeiro, Renato Carauta;Renato Carauta Ribeiro
DE ALMEIDA, MURILO GÓES;Murilo Góes de Almeida
MOTA, JHEMESON SILVA;Jhemeson Silva Mota
BALANIUK, REMIS;Remis Balaniuk
Valerio Martins;Valério Aymoré Martins
Valério Aymoré Martins;Valério Aymoré Martins
AYMORÉ MARTINS, VALÉRIO;Valério Aymoré Martins
COELHO RIBEIRO, VANESSA;Vanessa Coelho Ribeiro
dos Reis, Vinicius Eloy;Vinicius Eloy dos Reis
CARVALHO CHAVES, LUCAS ALEXANDRE;Lucas Alexandre Carvalho Chaves
Alberto Moreira Dias, Felipe;Felipe Alberto Moreira Dias
LOPES DE MENDONÇA, FÁBIO LÚCIO;Fábio Lúcio Lopes Mendonça
OROZCO, ANA LUCILA SANDOVAL;Ana Lucila Sandoval Orozco
DA COSTA, RUYTHER;Ruyther Parente da Costa
AMVAME NZE, GEORGES;Georges Daniel Amvame Nze
BESSANI, ALYSSON;Alysson Neves Bessani
Fabíola Greve;Fabíola Greve
GREVE, FABIOLA;Fabíola Greve
DA SILVA FRAGA, JONI;Joni da Silva Fraga
BELEM PACHECO, LUIS;Luis Alberto Belem Pacheco
Priscila Solis;Priscila America Solis Mendez Barreto
Priscila Solís Barreto;Priscila America Solis Mendez Barreto
Priscila A. S. M. Barreto;Priscila America Solis Mendez Barreto
MENDEZ BARRETO, PRISCILA;Priscila America Solis Mendez Barreto
ARANHA, DIEGO F.;Diego F. Aranha
CARVALHO, RANYELSON NERES;Ranyelson N. Carvalho
FLORIANO, EDSON;Edson Floriano Junior
BORGES, DÍBIO L.;Dibio Leandro Borges
GUIMARAES, MARCO A.;Marco Aurelio Guimaraes 
Carlos E. P. MACHADO;Carlos Eduardo Palhares Machado
MACHADO, CARLOS EDUARDO PALHARES;Carlos Eduardo Palhares Machado
PORTO, LUCAS FARIA;Lucas Faria Porto
CORREIA LIMA, LAISE NASCIMENTO;Laise nascimento correa lima
FLORES, MARTA;Marta R. P. Flores
VALSECCHI, ANDREA;Andrea Valsecchi
IBANEZ, OSCAR;Oscar ibanez
MACHADO PALHARES, CARLOS EDUARDO;Carlos E P Machado
DEITOS, ALEXANDRE RAPHAEL;Alexandre Raphael Deitos
CORREIA LIMA, LAÍSE NASCIMENTO;Laise nascimento correa lima
MARTINS SANTOS, TÂNIA PASSARINHO;Tânia Passarinho
FRANCO, ADEMIR;Ademir Franco
DARUGE, EDUARDO;Eduardo Daruge Jr
FRANCESQUINI, LUIZ;Luiz Francesquini Júnior
Carlos E. P. MACHADO;Carlos Eduardo Palhares Machado
PALHARES MACHADO, CARLOS EDUARDO;Carlos Eduardo Palhares Machado
LIMA, LAÍSE NASCIMENTO CORREIA;Laise nascimento correa lima
PIANTO, DONALD;Donald Matthew Pianto
SILVA, PEDRO;Pedro Silva
LUZ, EDUARDO;Eduardo José da Silva Luz
SILVA, GUILHERME;Guilherme Silva
MOREIRA, GLADSTON;Gladston Moreira
WANNER, ELIZABETH;Elizabeth F. Wanner
MENOTTI, DAVID;David Menotti Gomes
Carla Koike;Carla Maria Chagas Cavalcante Koike
KOIKE, CARLA M.C. E C.;Carla Maria Chagas Cavalcante Koike
AGUILERA, INMACULADA ALEMAN;Inmaculada Aleman Aguilera
DARUGE JR, EDUARDO;Eduardo Daruge Jr
SANTIAGO, BIANCA MARQUES;Bianca marques Santiago
THEVISSEN, PATRICK;Patrick Thevissen
ABADE, ANDRE;Andre da Silva Abade
Silveira, Renato;Renato Franklin
MENDONÇA, DANILO FILGUEIRA;Danilo Filgueira Mendonça
ALI, RAIAN;Raian Ali
BARESI, LUCIANO;Luciano Baresi
LANNA, ANDRÉ;Andre Lanna
CASTRO, THIAGO;Thiago Castro
SCHOBBENS, PIERRE-YVES;Pierre-Yves Schobbens
APEL, SVEN;Sven Apel
RODRIGUES, GABRIEL S.;Gabriel S. Rodrigues
GUIMARÃES, FELIPE P.;Felipe Pontes Guimaraes
KNAUSS, ALESSIA;Alessia Knauss
DE ARAÚJO, JOÃO PAULO C.;João Paulo C. de Araújo
ANDRADE, HUGO;Hugo Andrade
RODRIGUES, ARTHUR;Arthur Rodrigues
André Fernandes;André Fernandes Freire
DE MELO, CAIO BATISTA;Caio Batista de Melo
CANÇADO, ANDRÉ LUIZ FERNANDES;André Luiz Fernandes Cançado
PESSOA, LEONARDO;Leonardo Pessoa
FERNANDES, PAULA;Paula Fernandes
CARVALHO, HERVALDO;Hervaldo Sampaio Carvalho
Tavares, Tulio;Tulio Tavares
Ferreira, Renato;Renato Fontes Guimaraes
Kurc, Tahsin;Tahsin M. Kurç
Meira, Wagner;Wagner Meira Junior
Guedes, Dorgival;Dorgival Olavo Guedes Neto
Pan, Tony;Tony Pan
Saltz, Joel;Joel H. Saltz
Hartley, Timothy D. R.;Timothy D R Hartley
Catalyurek, Umit V.;Umit V. Catalyurek
KURC, TAHSIN M.;Tahsin M. Kurç
COOPER, LEE A.D.;Lee A.d. Cooper
VALLE, EDUARDO;Eduardo Valle
MARIANO, NATHAN;Nathan Mariano
TORRES, RICARDO;Ricardo Torres
COOPER, LEE;Lee A.d. Cooper
KLASKY, SCOTT;Scott Klasky
FORAN, DAVID J.;David Foran
QI, XIN;Xin Qi
WANG, DAIHOU;Daihou Wang
WANG, FUSHENG;Fusheng Wang
NALISNIK, MICHAEL;Michael Nalisnik
YANG, LIN;Lin Yang
ANDRADE, GUILHERME;Guilherme Andrade
VO, HOANG;Hoang Vo
TENG, DEJUN;Dejun Teng
LIANG, YANHUI;Yanhui Liang
Aji, Ablimit;Ablimit Aji
ROY, MOUSUMI;Mousumi Roy
FARRIS, ALTON B.;Alton B. Farris
CASTILLO-LEON, EDUARDO;Eduardo Castillo-Lion
VOS, MIRIAM B.;Miriam B. Vos
SOUZA, RAFAEL;Rafael Souza
FERNANDES, ANDRÉ;André Fernandes
TEIXEIRA, THIAGO S.F.X.;Thiago S.F.X. Teixeira
LI, HONGXIAO;Hongxiao Li
YU, HANYI;Hanyi Yu
KIM, YONG-KYU;Yong-Kyu Kim
JIANG, YI;Yi Jiang
NICKERSON, JOHN M.;John M. Nickerson
NASCIMENTO, BRUNO RAMOS;Bruno Ramos Nascimento
RIBEIRO, ANTONIO;Antonio Ribeiro
MEIRELLES, ANDRÉ L.S.;Andre L.S. Meirelles
PAPPA, GISELE L.;Gisele L. Pappa
DO CARMO NUNES, MARIA;Maria do Carmo Nunes
SABLE, CRAIG;Craig Sable
BEATON, ANDREA;Andrea Beaton
GOMES, PAULO R.;Paulo R. Gomes
MODESTO, FÁBIO V.;Fábio V. Modesto
UEYAMA, JÓ;Jó Ueyama
VILLAS, LEANDRO;Leandro A. Villas
PINTO, ALEX;Alex Pinto
GONÇALVES, VINÍCIUS;Vinícius Pereira Gonçalves
PESSIN, GUSTAVO;Gustavo Pessin
PAZZI, RICHARD;Richard W. Pazzi
BRAUN, TORSTEN;Torsten Braun
UEYAMA, JO;Jó Ueyama
FREITAS, HEITOR;Heitor Freitas
FAICAL, BRUNO S.;Bruno S. Faiçal
FINI, PEDRO;Pedro Henrique Fini
GOMES, PEDRO H.;Pedro Henrique Gomes
VILLAS, LEANDRO A.;Leandro A. Villas
Bruno S. Faiçal;Bruno S. Faiçal
Faiçal, Bruno S.;Bruno S. Faiçal
Andre Carlos Ponce De Leon Ferreira De Carvalho;André Carlos Ponde De Leon Ferreira De Carvalho
CARVALHO, ANDRÉ C. P. L. F.;André Carlos Ponde de Leon Ferreira de Carvalho 
GONÇALVES, VINÍCIUS P.;Vinícius Pereira Gonçalves
GIANCRISTOFARO, GABRIEL T.;Gabriel T Giancristofaro
JOHNSON, THIENNE;Thienne Johnson
CARVALHO, VALÉRIA;Valéria Carvalho
NERIS, VÂNIA P. DE ALMEIDA;Vânia P. de Almeida Neris
MENEGUETTE, RODOLFO;Rodolfo Ipolito Meneguette
BITTENCOURT, LUIZ;Luiz Fernando Bittencourt
MENEGUETTE, RODOLFO I.;Rodolfo Ipolito Meneguette
GUIDONI, DANIEL L.;Daniel Ludovico Guidoni
MANO, LEANDRO Y.;Leandro Y. Mano
KRISHNAMACHARI, BHASKAR;Bhaskar Krishnamachari
NAKAMURA, LUIS H.V.;Luis H.V. Nakamura
LIBRALON, GIAMPAOLO L.;Giampaolo L. Libralon
MENEGUETE, RODOLFO I.;Rodolfo Ipolito Meneguette
COSTA, EDUARDO P.;Eduardo P. Costa
VALEJO, ALAN;Alan Demétrius Baria Valejo
JOHNSON, THIENNE M.;Thienne Johnson
Villas, Leandro Aparecido;Leandro A. Villas
A. VILLAS, LEANDRO;Leandro A. Villas
L. GUIDONI, DANIEL;Daniel Ludovico Guidoni
YUKIO MANO, LEANDRO;Leandro Y. Mano
DEMETRIUS BARIA VALEJO, ALAN;Alan Demétrius Baria Valejo
Leandro Aparecido Villas;Leandro A. Villas
APARECIDO VILLAS, LEANDRO;Leandro A. Villas
Furquim, Gustavo;Gustavo Furquim
JALALI, ROOZBEH;Roozbeh Jalali 
FERREIRA DE OLIVEIRA, MARIA CRISTINA;Maria Cristina Ferreira de Oliveira
LOPES, ALNEU DE ANDRADE;Alneu de Andrade Lopes
TORRES NETO, JOSÉ R.;José R. Torres Neto
LOUREIRO, ANTONIO A.F.;Antonio A F Loureiro
BRENNAND, CELSO A. R. L.;Celso A. R. L. Brennand
MAIA, GUILHERME;Guilherme Maia
CUNHA, FELIPE;Felipe Domingos da Cunha
WEIGANG, LI;Li Weigang
RONDON, LUCAS B.;Lucas B. Rondon
IMMICH, ROGER;Roger Immich
VENÂNCIO NETO, AUGUSTO;Augusto Venancio Neto
LEONE MACIEL PEIXOTO, MAYCON;Maycon Leone Maciel Peixoto
QUESSADA, MATHEUS S;Matheus S Quessada
PEREIRA, RICKSON S;Rickson S Pereira
REVEJES, WILLIAM;William Revejes
SARTORI, BRUNO;Bruno Sartori
GOTTSFRITZ, EUCLYDES N;Euclydes N Gottsfritz
LIEIRA, DOUGLAS D;Douglas D Lieira
DA SILVA, MARCO AC;Marco AC da Silva
MENEGUETTE, RODOLFO I;Rodolfo Ipolito Meneguette
FILHO, EDUARDO M. DE LACERDA;Eduardo M. de Lacerda Filho
GONCRALVES, VINICIUS P.;Vinícius Pereira Gonçalves
ENAMOTO, LIRIAM;Liriam Michi Enamoto
BONACIN, RODRIGO;Rodrigo Bonacin
DIAS, POLLYANNA G. FARIA;Pollyanna G. Faria Dias
SILVA, MATEUS C.;Mateus C. Silva
VARGAS, PATRÍCIA A.;Patrícia A. Vargas
COTA, LUCIANO P.;Luciano P. Cota
PEREIRA, RICKSON;Rickson S Pereira
BOUKERCHE, AZZEDINE;Azzedine Boukerche
DA SILVA, MARCO A. C.;Marco AC da Silva
NAKAMURA, LUIS H. V.;Luis H.V. Nakamura
NOBRE, RENATO A.;Renato A. Nobre
NASCIMENTO, KHALIL C. DO;Khalil C.do Nascimento
VARGAS, PATRICIA A.;Patrícia A. Vargas
VALEJO, ALAN DEMÉTRIUS BARIA;Alan Demétrius Baria Valejo
ENAMOTO, LIRIAM MICHI;Liriam Michi Enamoto
LI, DENISE LEYI;Denise Leyi Li
Alex V, Barbosa;Alex Barbosa
NEVES, T.F.;Thiago F. Neves
AFONSECA, ULISSES RODRIGUES;Ulisses Rodrigues Afonseca
NEVES, T. F.;Thiago F. Neves
MODESTO, FELIPE M.;Felipe M. Modesto
CAETANO, MARCOS A F;Marcos Fagundes Caetano
DE M. GUIMARÃES, LUCAS;Lucas de Melo Guimarães
NUNES, LUCAS SAAD NOGUEIRA;Lucas 
KAWAMOTO, TATSUYA;Tatsuya Kawamoto
ZHOU, XIN;Xin Zhou
CAETANO, MARCOS F.;Marcos Fagundes Caetano
GUIMARAES, LUCAS M.;Lucas de Melo Guimarães
KOUGE, HIROAKI;Hiroaki Kouge
HONDA, TAKUMI;Takumi Honda
FUJITA, TORU;Toru Fujita
RÊGO, CAMILA FEITOSA;Camila Feitosa Rego
FARIA, HEITOR;Heitor Faria
TOKURA, HIROKI;Hiroki Tokura
DE MELO GUIMARÃES, LUCAS;Lucas de Melo Guimarães
NISHIMURA, TAKAHIRO;Takahiro Nishimura
FARIAS, PAULO V. G.;Paulo Victor Farias
LIMA, TULIO A.;Tulio A. Lima
Guimarães, Lucas de Melo;Lucas de Melo Guimarães
TAKAFUJI, DAISUKE;Daisuke Takafuji
Lourenc¿o, Ke¿lem G.;Kélem G. Lourenço
Hermant, Nicolas;Nicolas Hermant
Van Hirtum, Annemie;Annemie Van Hirtum
Pelorson, Xavier;Xavier Pelorson
Koenig, Laura L.;Laura L. Koenig
LourencÌ§o, Kelem G.;Kélem G. Lourenço
Ruty, Nicolas;Nicolas Ruty
Fuchs, Susanne;Susanne Fuchs
Munhall, Kevin G.;Kevin G. Munhall
SCHOENTGEN, JEAN;Jean Schoentgen
HAAS, JESSY;Jessy Haas
LUIZARD, PAUL;Paul Luizard
FRAJ, SAMIA;Samia Fraj
ENGLERT, MARINA;Marina Englert
MADAZIO, GLAUCYA;Glaucya Madazio
GIELOW, INGRID;Ingrid Gielow
BEHLAU, MARA;Mara Behlau
LOPES, LEONARDO WANDERLEY;Leonardo Wanderley Lopes
DA SILVA, KAROLINE EVANGELISTA;Karoline Evangelista da Silva
DA SILVA EVANGELISTA, DEYVERSON;Deyverson da Silva Evangelista
ALMEIDA, ANNA ALICE;Anna Alice Almeida
SILVA, PRISCILA OLIVEIRA COSTA;Priscila Oliveira Costa Silva
Cataldo, Edson;Edson Cataldo
Sampaio, Rubens;Rubens Sampaio
Soize, Christian;Christian Soize
Crespo, Antonio Marcio Ferreira;Antonio Marcio Ferreira Crespo
JIANYA, ZHENG;Jianya Zheng
LIU, GUIQIU;Guiqiu Liu
NOGUEIRA, KAMILA B.;Kamila B. Nogueira
AGUIAR, PAULO H. C.;Paulo H. C. Aguiar
DE ARRUDA, ANTONIO CARLOS;Antonio Carlos de Arruda Junior
MILEA, VIOREL;Viorel Milea
Ribeiro, Vitor Filincowsky;Vitor Filincowsky Ribeiro
YAMASHITA, YAEKO;Yaeko Yamashita
DE BARROS, ALEXANDRE GOMES;Alexandre Gomes de Barros
KOENDJBIHARIE, MARLON WINSTON;Marlon Winston Koendjbiharie
CORCHADO, JUAN M.;Juan M. Corchado
BAJO, JAVIER;Javier Bajo
WU, FEI;Fei Wu
LI, TIAN-CHENG;Tian-cheng Li
LI, TIANCHENG;Tian-cheng Li
SIQUEIRA, ELTON S;Elton Sarmanho Siqueira
Patrick Cisuaka Kabongo;Patrick Kabongo
Kabongo, Patrick Cisuaka;Patrick Kabongo
da Silva Souza, Márcio Augusto;Márcio Augusto da Silva Souza
GARCIA, REINALDO CRISPINIANO;Reinaldo Crispiniano Garcia
ZHANG, YAMING;Yaming Zhang
SU, YANYUAN;Yanyuan Su
LIU, HAIOU;Haiou Liu
KOURA, YAYA H.;Yaya H. Koura
WANG, CHUN;Chun Wang
CRESPO, THIAGO MARQUES FERREIRA;Thiago Marques Ferreira Crespo
BARRETO, ALEXANDRE;Alexandre de Barros Barreto
TANG, CHAOSHENG;Chaosheng Tang
DE ALMEIDA, CICERO R. F.;Cícero Roberto Ferreira De Almeida
MEINERZ, GIOVANI V.;Giovani V. Meinerz
Li, Leihong;Leihong Li
LEHMANN, JENS;Jens Lehmann
SOUTO, MARCILIO C. P.;Marcilio C. P. De Souto
HO, TIN KAM;Tin Kam Ho
OLIVEIRA, ITALO L.;Italo Lopes Oliveira
FILETO, RENATO;Renato Fileto
SPECK, RENÉ;René Speck
MOUSSALLEM, DIEGO;Diego Moussallem
MATWIN, STAN;Stan Matwin
DE CARVALHO, ANDRÉ C. P. L. F.;André Carlos Ponde de Leon Ferreira de Carvalho 
KAMINSKI, NICHOLAS;Nicholas Kaminski
GRANVILLE, LISANDRO ZAMBENEDETTI;Lisandro Zambenedetti Granville
ROCHOL, JUERGEN;Juergen Rochol
BOTH, CRISTIANO BONATO;Cristiano Bonato Both
ROVEDA FAGANELLO, LEONARDO;Leonardo Roveda Faganello
KIST, MAICON;Maicon Kist
BONDAN, LUCAS;Lucas Bondan
WICKBOLDT, JULIANO ARAUJO;Juliano Araujo Wickboldt
ZAMBENEDETTI GRANVILLE, LISANDRO;Lisandro Zambenedetti Granville
BONATO BOTH, CRISTIANO;Cristiano Bonato Both
TARTARINI, LUCA;Luca Tartarini
CERQUEIRA, EDUARDO;Eduardo Cerqueira
GERLA, MARIO;Mario Gerla
BELLAVISTA, PAOLO;Paolo Bellavista
AHMADI, HAMED;Hamed Ahmadi
DA SILVA, LUIZ;Luiz DaSilva
WICKBOLDT, JULIANO A.;Juliano Araujo Wickboldt
GRANVILLE, LISANDRO Z.;Lisandro Zambenedetti Granville
FAGANELLO, LEONARDO ROVEDA;Leonardo Roveda Faganello
SCHIMUNECK, MATIAS ARTUR KLAFKE;Matias Artur Klafke Schimuneck
D'ORO, SALVATORE;Salvatore D’oro
PALAZZO, SERGIO;Sergio Palazzo
PONTES, CAMILA;Camila F. T. Pontes
SOUZA, MANUELA;Manuela Souza
João Gondim;João José da Costa Gondim
GONDIM, JOAO;João José da Costa Gondim
BISHOP, MATT;Matt Bishop
FRASCOLLA, VALERIO;Valerio Frascolla
BOTH, CRISTIANO;Cristiano Bonato Both
DOMINICINI, CRISTINA;Cristina K. Dominicini
PAIVA, MARCIA;Marcia H.M. Paiva
CAPOROSSI, GILLES;Gilles Caporossi 
RIBEIRO, MOISES;Moises R. N. Ribeiro
SEGATTO, MARCELO;Marcelo E. V. Segatto 
MARTINELLO, MAGNOS;Magnos Martinello
MONTEIRO, MAXWELL;Maxwell E. Monteiro
Neiva, Márcia;Márcia Neiva
Arraes, Fabricio B.M.;Fabricio Barbosa Monteiro Arraes
de Souza, Jonso Vieira;Jonso Vieira de Souza
Rádis-Baptista, Gandhi;Gandhi Radis-Baptista
Prieto da Silva, Álvaro R.B.;Álvaro R. B. Prieto da Silva
Brigido, Marcelo de Macedo;Marcelo de Macedo Brígido
Yamane, Tetsuo;Tetsuo Yamane
López-Lozano, Jorge Luiz;Jorge Luis Lopez Lozano
Astolfi-Filho, Spartaco;Spartaco Astolfi-filho
Telles, M.P.C.;Mariana Pires de Campos Telles
Peixoto, F.P.;Franciele Parreira Peixoto
Lima, J.S.;Jacqueline Lima
Resende, L.V.;Lucileide Vilela Resende
Vianello, R.P.;Rosana P Vianello
Collevatti, R.G.;Rosane Garcia Collevatti
TELLES, GUILHERME P.;Guilherme P Telles
Nalvo Franco de Almeida Junior;Nalvo Franco de Almeida Júnior
Nalvo Franco de Almeida Jr;Nalvo Franco de Almeida Júnior
ALMEIDA, NALVO F.;Nalvo Franco de Almeida Júnior
MINGHIM, ROSANE;Rosane Minghim
DE PAULA, RENATO;Renato de Paula
GOMES, LUCIANA SA;Luciana SA Gomes
SCHLOTTFELDT, SHANA;Shana Schlottfeldt
DE CARVALHO, ANDRÉ CARLOS P. L. F.;André Carlos Ponde de Leon Ferreira de Carvalho 
SOARES, THANNYA N.;Thannya N. Soares
TELLES, MARIANA P. C.;Mariana Pires De Campos Telles
LOYOLA, RAFAEL D.;Rafael D. Loyola
DINIZ-FILHO, JOSÉ ALEXANDRE F.;José Alexandre F. Diniz-Filho
RAIOL, T.;Tainá Raiol
BRIGIDO, M. M.;Marcelo de Macedo Brígido
STADLER, P. S.;Peter Florian Stadler
MORAES, L. M. P.;Lídia Maria Pepe De Moraes
DE-SOUZA, M. T.;Marlene Teixeira De-Souza
SILVA, H. S. D. I. L.;Helena Schubert da Incarnaçao Lima Silva
OREM, J. C.;Juliana Capella Orem
CAVALCANTE, D. A.;Danilo Andrade Cavalcante
ALMEIDA, N. F.;Nalvo Franco de Almeida Júnior
TELLES, G. P.;Guilherme P Telles
SETUBAL, J. C.;Joao Carlos Setubal
ANICETO, RODRIGO;Rodrigo Aniceto
Renê Xavier;Rene Xavier
XAVIER, RENE;Rene Xavier
GUIMARÃES, VALERIA;Valeria Guimaraes
LIFSCHITZ, SÉRGIO;Sergio Lifschitz
DE ARAUJO OLIVEIRA, JOÃO VICTOR;João Victor de Araujo Oliveira
COSTA, FABRIZIO;Fabrizio Costa
BACKOFEN, ROLF;Rolf Backofen
STADLER, PETER FLORIAN;Peter Florian Stadler
HERTEL, JANA;Jana Hertel
SCHLOTTFELDT, S.;Shana Schlottfeldt
L.F. CARVALHO, A.C.P.;André Carlos Ponde de Leon Ferreira de Carvalho 
Soares, T.N.;Thannya N. Soares
LOYOLA, R.D.;Rafael D. Loyola
José Alexandre Felizola Diniz-filho;José Alexandre F. Diniz-Filho
José Alexandre Felizola Diniz Filho;José Alexandre F. Diniz-Filho
Diniz-Filho, J.A.F.;José Alexandre F. Diniz-Filho
VIEIRA, LUCAS;Lucas Maciel Vieira
GRATIVOL, CLICIA;Clicia Grativol
THIEBAUT, FLAVIA;Flavia Thiebaut
CARVALHO, THAIS;Thais G Carvalho
HARDOIM, PABLO;Pablo R Hardoim
HEMERLY, ADRIANA;Adriana Hemerly
FERREIRA, PAULO;Paulo Cavalcanti Gomes Ferreira
SCHNEIDER, HUGO W.;Hugo W. Schneider
RAIOL, TAINA;Tainá Raiol
BRIGIDO, MARCELO M.;Marcelo de Macedo Brígido
STADLER, PETER F.;Peter Florian Stadler
ARAÚJO, GRAZIELA S.;Graziela S. Araújo
THIEBAUT, FLÁVIA;Flavia Thiebaut
DE ARMAS, ELVISMARY;Elvismary Molina de Armas
ENTENZA, JÚLIO;Júlio O. P. Entenza
FARINELLI, LAURENT;Laurent Farinelli
ROJAS, CRISTIAN;Cristian Antonio Rojas
GRATIVOL, CLÍCIA;Clicia Grativol
CALIXTO, EDMUNDO;Edmundo P. da R. Calixto
MOTTA, MARIANA;Mariana R. Motta
BALLESTEROS, HELKIN;Helkin G. F. Ballesteros
PEIXOTO, BARBARA;Barbara Peixoto
DE LIMA, BERENICE;Berenice N. S. de Lima
WALDL, MARIA;Maria Waldl
THIEL, BERNHARD;Bernhard C. Thiel
OCHSENREITER, ROMAN;Roman Ochsenreiter
HOLZENLEITER, ALEXANDER;Alexander Holzenleiter
DE ARAUJO OLIVEIRA, JOÃO;Joao Victor de Araujo Oliveira
WOLFINGER, MICHAEL;Michael T. Wolfinger
STADLER, PETER;Peter Florian Stadler
SILVA, WALDEYR M. C.;Waldeyr Mendes Cordeiro da Silva
DE-SOUZA-SILVA, CALLIANDRA M.;Calliandra M. de-Souza-Silva
NICOLA, ANDRÉ MORAES;André Moraes Nicola
BOCCA, ANAMÉLIA LORENZETTI;Anamélia Lorenzetti Bocca
ALBUQUERQUE, PATRÍCIA;Patrícia Albuquerque
SILVA-PEREIRA, ILDINETE;Ildinete Silva-Pereira
HURTADO, FABIÁN ANDRÉS;Fabián Andrés Hurtado
Aldo Mendes;Aldo Henrique Dias Mendes
TAVARES, ALDO HENRIQUE;Aldo Henrique Tavares
DE OLIVEIRA, GETÚLIO P.;Getúlio P de Oliveira Jr
NISHIBE, CHRISTIANE;Christiane Nishibe
AGUSTINHO, DANIEL PAIVA;Daniel Paiva Agustinho
SEN, RITUPARNO;Rituparno Sem
FALLMANN, JÖRG;Jorg Fallmann
VIEIRA, LUCAS MACIEL;Lucas Maciel Vieira
JORGE, NATASHA ANDRESSA NOGUEIRA;Natasha Andressa Nogueira Jorge
DE SOUSA, JOÃO BATISTA;Joao Batista de Sousa
Desjardins, Christopher A.;Christopher A Desjardins
Grynberg, Marcin;Marcin Grynberg
Gujja, Sharvari;Sharvari Gujja
Heiman, David I.;David I. Heiman
Henn, Matthew R.;Matthew R Henn
Kodira, Chinnappa D.;Chinnappa D Kodira
León-Narváez, Henry;Henry León-Narváez
Longo, Larissa V. G.;Larissa V G Longo
Ma, Li-Jun;Li-Jun Ma
Matsuo, Alisson L.;Alisson L Matsuo
Champion, Mia D.;Mia D Champion
Morais, Flavia V.;Flavia V Morais
Pereira, Maristela;Maristela Pereira
Rodríguez-Brito, Sabrina;Sabrina Rodríguez-Brito
Sakthikumar, Sharadha;Sharadha Sakthikumar
Salem-Izacc, Silvia M.;Silvia M Salem-Izacc
Sykes, Sean M.;Sean M Sykes
Teixeira, Marcus Melo;Marcus Melo Teixeira
Vallejo, Milene C.;Milene C Vallejo
Yandava, Chandri;Chandri Yandava
Holder, Jason W.;Jason W Holder
Young, Sarah;Sarah Young
Zeng, Qiandong;Qiandong Zeng
Zucker, Jeremy;Jeremy Zucker
Felipe, Maria Sueli;Maria Sueli Soares Felipe
Goldman, Gustavo H.;Gustavo H Goldman
Haas, Brian J.;Brian J Haas
McEwen, Juan G.;Juan G McEwen
Nino-Vega, Gustavo;Gustavo Nino-Veja
Puccia, Rosana;Rosana Puccia
San-Blas, Gioconda;Gioconda San-Blas
Muszewska, Anna;Anna Muszewska
Soares, Celia Maria de Almeida;Célia Maria De Alemida Soares
BIRREN, BRUCE W.;Bruce W Birren
CUOMO, CHRISTINA A.;Christina A Cuomo
Goldberg, Jonathan;Jonathan Goldberg
Bailão, Alexandre M.;Alexandre M Bailao
Brigido, Marcelo Macedo;Marcelo de Macedo Brígido
Ferreira, Márcia Eliana da Silva;Márcia Eliana Silva Ferreira
Garcia, Ana Maria;Ana María García Cepero
CRUZ HUACARPUMA, RUBEN;Ruben Cruz Huacarpuma
DE OLIVEIRA ALBUQUERQUE, ROBSON;Robson de Oliveira Albuquerque
Fernandes, Eduardo;Eduardo Fernandes
VICTORINO, MARCIO;Marcio De Carvalho Victorino
Carvalho, Rommel;Rommel Novaes Carvalho
ERVEN, GUSTAVO VAN;Gustavo Cordeiro Galvao van Erven
VAN ERVEN, GUSTAVO CORDEIRO GALVÃO;Gustavo Cordeiro Galvao van Erven
CARVALHO, ROMMEL NOVAES;Rommel Novaes Carvalho
CORDEIRO DA SILVA, WALDEYR MENDES;Waldeyr Mendes Cordeiro da Silva
VERA-OLIVERA, HARLEY;Harley Vera-Olivera
VICTORINO, MARCIO DE CARVALHO;Marcio De Carvalho Victorino
MARTINS, LUIZ;Luiz Martins
FONSECA, RODRIGO;Rodrigo Fonseca
SAYÃO, EVELINE;Eveline Sayao
FRANÇA, GEORGE SAND;George Sand França
GONÇALVES, ALEXANDRO;Alexandro Gonçalves
GUO, RUIZHE;Ruizhe Guo
HUACARPUMA, RUBEN CRUZ;Ruben Cruz Huacarpuma
DA SILVA, ANA PAULA BERNARDI;Ana Paula Bernardi Da Silva
MARIANO, ARI MELO;Ari Melo Mariano
SILVA, DENNIS SÁVIO;Dennis Sávio Silva
B. DE MEDEIROS, GABRIEL F.;Gabriel F. B. de Medeiros
C. DEGROSSI, LÍVIA;LÍvia C. Degrossi
Ventura, D.;Daniel Lima Ventura
Kamareddine, F.;Fairouz Kamareddine
de Moura, F.L.C.;Flávio Leonardo Cavalcanti de Moura
Galdino, André L.;André Luiz Galdino
FERNÁNDEZ, MARIBEL;Maribel Fernández
NANTES-SOBRINHO, DANIELE;Daniele Nantes Sobrinho
GALDINO, ANDRÉ L;André Luiz Galdino
DE MOURA, FLÁVIO LC;Flávio Leonardo Cavalcanti de Moura
MUÑOZ, DANIEL M.;Daniel Muñoz Arboleda
LLANOS, CARLOS H.;Carlos Humberto Llanos Quintero
COELHO, LEANDRO DOS S.;Leandro Dos S. Coelho
VENTURA, D. L.;Daniel Lima Ventura
GABBAY, MURDOCH JAMES;Murdoch James Gabbay
ROCHA-OLIVEIRA, ANA CRISTINA;Ana Cristina Rocha Oliveira
VISO, ANDRÉS;Andres Viso
NOGUEIRA NUNES, DANIEL SAAD;Daniel Saad Nogueira Nunes
DE LIMA, THAYNARA ARIELLY;Thaynara Arielly de Lima
SONCCO-ÁLVAREZ, JOSÉ LUIS;José Luis Soncco-álvarez
de Carvalho-Segundo, Washington;Washington Luis Ribeiro De Carvalho Segundo
AVELAR, ANDRÉIA BORGES;Andréia Borges Avelar
Carvalho, Marcelo M.;Marcelo M. Carvalho
Alencar, Marcelo S.;Marcelo Sampaio Alencar
SÁNCHEZ-FERREIRA, CAMILO;Camilo Sánchez-Ferreira
MORI, JONES Y.;Jones Y. Mori
GARCIA FREITAS, PEDRO;Pedro Garcia Freitas
RIGONI, RONALDO;Ronaldo Rigoni
SILVA, ALEXANDRE F.;Alexandre Fieno Silva
REDI, JUDITH A.;Judith Alice Redi
AKAMINE, WELINGTON Y. L.;Welington Yorihiko Lima Akamine
LIMA, J.A.S.;Jonathan A. Lima
MIOSSO, C.J.;Cristiano Jacques Miosso
AKAMINE, WELINGTON Y.L.;Welington Yorihiko Lima Akamine
MARTINEZ, HELARD A. BECERRA;Helard Becerra Martinez
SILVA, ALEXANDRE FIENO;Alexandre Fieno Silva
MELGAR, MAX E. VIZCARRA;Max E. Vizcarra Melgar
SANCHEZ-FERREIRA, CAMILO;Camilo Sánchez-Ferreira
AYALA, HELON V. H.;Helon Vicente Hultmann Ayala
VIZCARRA MELGAR, MAX E.;Max E. Vizcarra Melgar
MARTINEZ, HELARD;Helard Becerra Martinez
HINES, ANDREW;Andrew Hines
LIMA, JONATHAN A.;Jonathan A. Lima
DA SILVA, FELIPE B.;Felipe B. Silva
VON BORRIES, RICARDO;Ricardo von Borries
MIOSSO, CRISTIANO J.;Cristiano Jacques Miosso
MIN, XIONGKUO;Xiongkuo Min
ZHAI, GUANGTAO;Guangtao Zhai
ZHOU, JIANTAO;Jiantao Zhou
BOVIK, ALAN CONRAD;Alan Conrad Bovik
NUNES, GUSTAVO M.S.;Gustavo M.S. Nunes
OLIVEIRA, FERNANDA D.V.R.;Fernanda Oliveira
GOMES, JOSÉ GABRIEL R.C.;José Gabriel R.C. Gomes
PETRAGLIA, ANTONIO;Antonio Petraglia
FERNÁNDEZ-BERNI, JORGE;Jorge Fernández-Berni
CARMONA-GALÁN, RICARDO;Ricardo Carmona-Galan
RODRÍGUEZ-VÁZQUEZ, ÁNGEL;Ángel Rodríguez-Vázquez
DA EIRA, LUÍSA PEIXOTO;Luisa Peixoto Eira
SANTOS, SAMUEL SOARES;Samuel Soares Santos
SILVA, ALESSANDRO R.;Alessandro R. Silva
DINIZ, RAFAEL;Rafael Diniz
GARCIA-FREITAS, PEDRO;Pedro Garcia Freitas
ANSARI, GHULAM JILLANI;Ghulam Jillani Ansari
SHAH, JAMAL HUSSAIN;Jamal Hussain Shah
SHARIF, MUHAMMAD;Muhammad Sharif
QADEER, NAUMAN;Nauman Qadeer
KHAN, HABIB ULLAH;Habib Ullah Khan
BECERRA MARTINEZ, HELARD;Helard Becerra Martinez
DING, YONG;Yong Ding
SU, KUNKAI;Kunkai Su
XIA, JINGWEN;Jingwen Xia
HUANG, QIANG;Qiang Huang
LIU, WEIHAI;Weihai Liu
SUN, QINXUE;Qinxue Sun
DONG, HAIBO;Haibo Dong
GUO, TIANNAN;Tiannan Guo
KRYLOV, ANDREY S.;Andrey S. Krylov
LIANG, WENJIE;Wenjie Liang
RUAN, SHIJIAN;Shijian Ruan
XIAO, WENBO;Wenbo Xiao
BAI, XUELI;Xueli Bai
LIANG, TINGBO;Tingbo Liang
WANG, YUBIZHUO;Yubizhuo Wang
SHAO, JIAYUAN;Jiayuan Shao
SUN, RUI;Rui Sun
TIAN, WUWEI;Wuwei Tian
XIANG, NAN;Nan Xiang
GE, WEIGANG;Weigang Ge
ZHANG, XIUMING;Xiuming Zhang
ALAMGEER, SANA;Sana Alamgeer
IRSHAD, MUHAMMAD;Muhammad Irshad
LESZCZUK, MIKO'AJ;Mikolaj Leszczuk
HANUSIAK, MATEUSZ;Mateusz Hanusiak
WYCKENS, EMMANUEL;Emmanuel Wyckens
HESTON, GEORGE;George Heston 
JUNIOR, EDSON FLORIANO S.;Edson Floriano Junior
ALCHIERI, EDUARDO;Eduardo Adilio Pelinson Alchieri
MENDES, LUCIANO;Luciano Leonel Mendes
VALERA, FRANCISCO;Francisco Valera
CAETANO, MARCOS;Marcos Fagundes Caetano
DIAS, WHEBERTH;Wheberth Damascena Dias
FETTWEIS, GERHARD;Gerhard P. Fettweis
MORENO, CALOS;Carlos Sallé Moreno
MARQUEZINI, MARIA;Maria Valéria Marquezini
CAVALCANTE, ANDRE;André Mendes Cavalcante
NEUHAUS, PETER;Peter Neuhaus
SEKI, JORGE;Jorge Seki
ANICETO, NATHALIA;Nathália Figueiredo Tinoco Aniceto
KARVONEN, HEIKKI;Heikki Karvonen
VIDAL, IVAN;Ivan Vidal
Alezandre Zaghetto;Alexandre Zaghetto
Zaghetto, Alexandre;Alexandre Zaghetto
HUNG, EDSON M.;Edson Mintsu Hung
Garcia, Diogo Caetano;Diogo Caetano Garcia
FONSECA, T.A.;Tiago A. Fonseca
CHOU, PHILIP A.;Philip A. Chou
CHEN, XIANG;Xiang Chen
HWANG, JENQ-NENG;Jenq-Neng Hwang
MENG, DE;De Meng
LEE, KUAN-HUI;Kuan-Hui Lee
YEH, FU-MING;Fu-Ming Yeh
SANDRI, GUSTAVO;Gustavo Sandri
PAVEZ, EDUARDO;Eduardo Pavez
ORTEGA, ANTONIO;Antonio Ortega
SANDRI, GUSTAVO P.;Gustavo Sandri
KRIVOKUCA, MAJA;Maja Krivokuca
ALEXIOU, EVANGELOS;Evangelos Alexiou
VIOLA, IRENE;Irene Viola
BORGES, TOMÁS M.;Tomás M. Borges
FONSECA, TIAGO A.;Tiago A. Fonseca
EBRAHIMI, TOURADJ;Touradj Ebrahimi
SOUTO, ANDRE L.;André L. Souto
FIGUEIREDO, VICTOR F.;Victor Hugo Ferreira de Figueiredo
BECKER, KARIN;Karin Becker
PEDROSO, BRUNO DE SOUZA COSTA;Bruno de Souza Costa Pedroso
PIMENTA, MARCELO SOARES;Marcelo Soares Pimenta
Correa, Jan M.;Jan Mendonca Correa
Melo, Alba Cristina Magalhaes;Alba Cristina Magalhaes Alves de Melo
NETO, ALBERTO COSTA;Alberto Costa Neto
RIBEIRO, MÁRCIO;Marcio Ribeiro
PONTUAL, CARLOS EDUARDO;Carlos Eduardo Pontual
BORBA, PAULO;Paulo Borba Casella
PIRES, PAULO F.;Paulo de Figueiredo Pires
BRAGA, ROSANA;Rosana Braga
SILVEIRA, FÁBIO;Fábio Fagundes Silveira
VALENTE, MARCO TÚLIO;Marco Tulio Valente
RUBIRA, CECÍLIA;Cecília Mary Fischer Rubira
SANT?ANNA, CLAUDIO;Claudio SantAnna
ALFÉREZ, MAURICIO;Mauricio Alférez
Leopoldo Teixeira;Leopoldo Motta Teixeira
TEIXEIRA, LEOPOLDO;Leopoldo Motta Teixeira
ACCIOLY, PAOLA;Paola Rodrigues Godoy Accioly
MOREIRA, ANA;Ana Moreira
ARAÚJO, JOÃO;Joao Araujo
ABRANTES, JOILSON;Joilson Abrantes
FERRAZ, CRISTIANO;Cristiano Ferraz
PINTO, GUSTAVO;Gustavo Pinto
REBOUÇAS, MARCEL;Marcel Rebouças
LUZ, WELDER PINHEIRO;Welder Pinheiro Luz
DE OLIVEIRA, MARCOS CÉSAR;Marcos César de Oliveira
FREITAS, DAVI;Davi R. Freitas
LO, DAVID;David Lo
DA COSTA, FRANCISCO HANDRICK;Francisco Handrick da Costa
MEDEIROS, ISMAEL;Ismael Medeiros
MENEZES, THALES;Thales Menezes
DA SILVA, JOÃO VICTOR;Joao Victor da Silva
DA SILVA, INGRID LORRAINE;Ingrid Lorraine da Silva
NARASIMHAN, KRISHNA;Krishna Narasimhan
MARCILIO, DIEGO;Diego Marcilio
FURIA, CARLO A.;Carlo A. Furia
Gabriela Csurka;Gabriela Csurka
CSURKA, GABRIELA;Gabriela Csurka
PERRONNIN, FLORENT;Florent Perronnin
SÁNCHEZ, JORGE;Jorge Sánchez
KITTLER, JOSEF;Josef Kittler
CHRISTMAS, WILLIAM;William Christmas
WINDRIDGE, DAVID;David Windridge
ILLINGWORTH, JOHN;John Illingworth
OSMAN, MAGDA;Magda Osman
KHAN, AFTAB;Aftab Khan
VETA, MITKO;Mitko Veta
DAHL, ANDERS B.;Anders Bjorholm Dahl
CIRE'AN, DAN C.;Dan Ciresan
SCHMIDHUBER, JÜRGEN;Jürgen Schmidhuber
GIUSTI, ALESSANDRO;Alessandro Giusti
GAMBARDELLA, LUCA M.;Luca Maria Gambardella
TEK, F. BORAY;Faik Boray Tek
WALTER, THOMAS;Thomas Walter
WANG, CHING-WEI;Ching-Wei Wang
KONDO, SATOSHI;Satoshi Kondo
MATUSZEWSKI, BOGDAN J.;Bogdan J. Matuszewski
VAN DIEST, PAUL J.;Paul J. van Diest
PRECIOSO, FREDERIC;Frédéric Precioso
SNELL, VIOLET;Violet Snell
KHAN, ADNAN M.;Adnan M. Khan
RAJPOOT, NASIR M.;Nasir M. Rajpoot
ARKOUMANI, EVDOKIA;Evdokia Arkoumani
LACLE, MIANGELA M.;Miangela M Lacle
VIERGEVER, MAX A.;Max A. Viergever
PLUIM, JOSIEN P.W.;Josien P. W. Pluim
WILLEMS, STEFAN M.;Stefan M. Willems
WANG, HAIBO;Haibo Wang
MADABHUSHI, ANANT;Anant Madabhushi
CRUZ-ROA, ANGEL;Angel Cruz-Roa
GONZALEZ, FABIO;Fabio Gonzalez
LARSEN, ANDERS B.L.;Anders B. L. Larsen
VESTERGAARD, JACOB S.;Jacob S. Vestergaard
COLEMAN, PHILIP;Philip Coleman
WOODCOCK, JAMES;James Woodcock
JACKSON, PHILIP;Philip J. B. Jackson
MELCHIOR, FRANK;Frank Melchior
PIKE, CHRIS;Chris Pike
FAZI, FILIPPO;Filippo Maria Fazi
COX, TREVOR;Trevor J. Cox
HILTON, ADRIAN;Adrian Hilton
FRANCK, ANDREAS;Andreas Franck
FRANCOMBE, JON;Jon Francombe
LIU, QINGJU;Qingju Liu
HUGHES, RICHARD;Richard J. Hughes
MENZIES, DYLAN;Dylan Menzies
SIMON GALVEZ, MARCOS;Marcos Felipe Simón Gálvez
TANG, YAN;Yan Tang
WANG, WENWU;Wenwu Wang
JACKSON, PHILIP J. B.;Philip J.B. Jackson
Dazzi, Estephan;Estephan Dazzi Wandekoken
CESAR -, ROBERTO M.;Roberto Marcondes Cesar Junior
XAVIER CEJNOG, LUCIANO WALENTY;Luciano Walenty Xavier Cejnog
CARRIL ELUI, VALÉRIA MEIRELLES;Valeria Meirelles Carril Elui
CESAR, ROBERTO MARCONDES;Roberto Marcondes Cesar Junior
Tordoff, B.J.;Ben Tordoff
Murray, D.W.;David W. Murray
ROSSI, RAFAEL GERALDELI;Rafael Geraldeli Rossi
DE ANDRADE LOPES, ALNEU;Alneu de Andrade Lopes
REZENDE, SOLANGE OLIVEIRA;Solange Oliveira Rezende
BERTON, LILIAN;Lilian Berton
VALVERDE-REBAZA, JORGE;Jorge Valverde-Rebaza
DE OLIVEIRA, MARIA CRISTINA FERREIRA;Maria Cristina Ferreira de Oliveira
GERALDELI ROSSI, RAFAEL;Rafael Geraldeli Rossi
Valença, George;George Augusto Valença Santos
Niu, Nan;Nan Niu
Kulesza, Uirá;Uirá Kulesza
BORBA, P.;Paulo Henrique Monteiro Borba
VALE, TASSIO;Tássio Ferreira Vale
DE ALMEIDA, EDUARDO SANTANA;Eduardo Santana de Almeida
DE LIMA, RICARDO;Ricardo de Lima
SILVA, ENEIAS;Eneias Silva
LEITE, ALESSANDRO;Alessandro Ferreira Leite
AMORIM, JUNIER CAMINHA;Junier Caminha Amorim
DE FREITAS, EDISON PIGNATON;Edison Pignaton de Freitas
GHEYI, ROHIT;Rohit Gheyi
SOUZA, BEATRIZ;Beatriz Emiliano M. De Sousa
GUIMARÃES, MARCIO;Marcio Guimaraes
FERNANDES, LEO;Leo Fernandes
D?AMORIM, MARCELO;Marcelo d Amorim
FONSECA, BALDOINO;Baldoino Fonseca dos Santos Neto
DA COSTA, JOSÉ ALDO SILVA;José Aldo Silva da Costa
MEDEIROS, FLÁVIO;Flávio Medeiros
GARCIA, ALESSANDRO;Alessandro Garcia
OLIVEIRA, MARIA CRISTINA F. DE;Maria Cristina Ferreira de Oliveira
SILVA, THAIS GARCIA;Thaís Garcia da Silva
VIEIRA, ARMANDO AUGUSTO HENRIQUES;Armando Augusto Henriques Vieira
HAMANN, BERND;Bernd Hamann
Mauricio Ayala-Rincon;Mauricio Ayala Rincon
Maria Emilia Telles Walter;Maria Emilia Machado Telles Walter
Aleteia P. F. Araujo;Aleteia Patricia Favacho de Araujo
Maristela Terdo de Holanda ;Maristela Terto de Holanda
Renata Cristina F Melo;Renata Cristina Faray Melo
Alba Cristina Magalhaes Alves de Melo;Alba Cristina Magalhaes Alves de Melo
Ricardo Jacobbi;Ricardo Pezzuol Jacobi
Ricado Pezzuol Jacobi ;Ricardo Pezzuol Jacobi
R S Bhuvaneswaran;Bhuvaneswaran R.S.
T Hunziker;Thomas Hunziker
T Ohira;Takashi Ohira
T Taromaru ;Makoto Taromaru
Priscila América Solis M. Barreto;Priscila America Solis Mendez Barreto
M. Iio;Motohide Iio
C. Shu;Choken Shu
L. D. A. SÁ ;Leonardo Deane de Abreu Sá
G. P. Galvão;Geraldo Pereira Galvao
R. M. Bevilacqua ;Rute Maria Bevilacqua
D. J. R. Nordemann;Daniel Jean Roger Nordemann
C. J. P. ALVES;Claudio Jorge Pinto Alves
N. Omar;Nizam Omar
M. C. Valverde Ramírez;Maria Cleofé Valverde Ramírez
N. J. Ferreira;Nelson Jesus Ferreira
Maurício Ayala Rincón;Mauricio Ayala Rincon
Maria Emilia M. T. Walter;Maria Emilia Machado Telles Walter
Maria Emilia Machado Telles Walter ;Maria Emilia Machado Telles Walter
K R Rao;Kamisetty Ramamohan Rao
H S Malvar;Henrique Malvar
T Q Nguyen;Truong Quang Nguyen
E M Rubino;Eduardo Moscoso Rubino
T Nguyen;Truong Quang Nguyen
C Choi;Chang Kyoung Choi
Y Huh;Young Huh
R Eschbach;Reiner Eschbach
D Florencio;Dinei A. Florencio
R  W Schafer;Ronald W. Schafe
J Luo;Jiebo Luo
Z Fan;Zhigang Fan
T D Tran;Trac Duy Tran
M Ramos;Marcia G. Ramos
P Fleckenstein;Peter Fleckenstein
R Balasubramanian;Raja Balasubramanian
W Wu;Wencheng Wu
L Gan;Lu Gan
K ma;Kai-Kuang Ma
T Tran;Trac Duy Tran
H Man;Hong Man
M Smith;Mark J. T. Smith
J Liang;Jie Liang
R Neelamani;Ramesh Neelsh Neelamani
S. Dash;Sanjeeb Dash
R Baraniuk;Richard G. Baraniuk
D A Florencio;Dinei A. Florencio
J. E. G. Medeiros;Jose Edil Guimaraes de Medeiros
H. M. G. Madureira;Heider Marconi Guedes Madureira
J. L. C. Carneiro;Joao Lucas de C. Carneiro
J. C. Costa;José Camargo da Costa
RODRIGO BONIFÁCIO DE ALMEIDA ;Rodrigo Bonifacio de Almeida
Carlos H. Llanos Quintero;Carlos Humberto Llanos Quintero
Maria José de Albuquerque Carvalho;Maria José Albuquerque de Carvalho
Maria José A Carvalho;Maria José Albuquerque de Carvalho
Maria Emília M. T. Walter;Maria Emilia Machado Telles Walter
Flavio de Barros Vidal;Flavio de Barros Vidal
Peter F. Stadler;Peter Florian Stadler
Peter Stadler;Peter Florian Stadler
Rodolfo B Batista;Rodolfo Bezerra Batista
Marcos F. Caetano;Marcos Fagundes Caetano
Marcos M F Caetano;Marcos Fagundes Caetano
diogo;Diogo Caetano Garcia
camilo;Camilo Chang Dorea
Diogo C Garcia;Diogo Caetano Garcia
Diogo Garcia ;Diogo Caetano Garcia
Vitor Rafael R. Celestino;Victor Rafael Rezende Celestino
Antonio M. F. Crespo;Antonio Marcio Ferreira Crespo
Edans Sandes;Edans Flavius de Oliveira Sandes
Edans de Oliveira Sandes;Edans Flavius de Oliveira Sandes
Edans de Oliveira Sandes;Edans Flavius de Oliveira Sandes
Carlos Llanos;Carlos Humberto Llanos Quintero
Edson M. Hung;Edson Mintsu Hung
Hervaldo Sampaio CARVALHO;Hervaldo Sampaio Carvalho
Adson Ferreira da ROCHA;Adson Ferreira da Rocha
Daniel Brat;Daniel J. Brat
Daniel Arruda Dos Santos Anjos;Daniel Arruda Santos Anjos
Daniel dos Santos Anjos;Daniel Arruda Santos Anjos
Rafael Timoteo de Sousa Junior;Rafael Timoteo De Sousa Junior
Andréa Q. Maranhão;Andrea Maranhao
Sanjit K Mitra;Sanjit Koumar Mitra
Maurício Ayala-rincón;Mauricio Ayala Rincon
Maurício Ayala-rincón;Mauricio Ayala Rincon
Rede Genoma Centrooeste;DELETAR
Brazilian Amazon Consortium For Genomic Research (realgene);DELETAR
Alba Cristina Magalhães Alves de Melo;Alba Cristina Magalhaes Alves de Melo
Aletéia Patrícia Favacho de Araújo;Aleteia Patricia Favacho De Araujo
André Costa Drummond;Andre Costa Drummond
Camilo Chang Dórea;Camilo Chang Dorea
Célia Ghedini Ralha;Celia Ghedini Ralha
Cláudia Nalon;Claudia Nalon
Díbio Leandro Borges;Dibio Leandro Borges
Flávio de Barros Vidal;Flavio de Barros Vidal
Luís Paulo Faina Garcia;Luis Paulo Faina Garcia
Maria Emília Machado Telles Walter;Maria Emilia Machado Telles Walter
Priscila América Solís Mendez Barreto;Priscila America Solis Mendez Barreto
Rodrigo Bonifácio de Almeida;Rodrigo Bonifacio De Almeida
Teófilo Emídio De Campos;Teofilo Emidio De Campos
Teófilo Emidio de Campos;Teofilo Emidio De Campos
Holanda, Maristela;Maristela Terto De Holanda
Ralha, Celia G.;Celia Ghedini Ralha
Farias, Mylene C.q.;Mylene Christine Queiroz De Farias
C. Drummond, Andre;Andre Costa Drummond
Walter, Maria Emilia;Maria Emilia Machado Telles Walter
Vidal, Flavio B. ;Flavio de Barros Vidal
A. M. Sampaio;Arthur M. Sampaio
J. V. B. Pimentel;João V. Pimentel
J Hwang;Jae Jeong Hwang
R Klasen;Victor Klassen
R Buckley;Robert Buckley
M Xu;Ming Xu
G Bozdagi;Gözde Bozdagi
R Von Borries;Ricardo von Borries
C S Burrus;Charles Sidney Burrus
S. Pamboukian;Sergio Vicente D. Pamboukian
L. Gadelha;Luiz M R Gadelha
P. D. Conejo;Paulo D Conejo
I. E. T. Araújo;Ivan Eid Tavares De Araujo
R M Alvim;Rômulo Miranda Alvim
F L L Grossmann;FLÁVIO LÚCIO LEITE GROSSMANN
I. Santana;Ingrid Santana
M. Dib Filho;Marcos Vinicius Pinheiro Dib
Díbio Leandro Borges;Dibio Leandro Borges
{jefferson Pereira Da Silva;Jefferson Pereira Da Silva
G.h.m. Arruda;Gustavo H M de Arruda
Eloiza;Eloiza Vieira Maciel Viana
C. Kroos;Christian Kroos
T. Kuratate;Takaaki Kuratate
Alba Cristina Melo Magalhães;Alba Cristina Magalhaes Alves De Melo
Alba C M A Melo;Alba Cristina Magalhaes Alves De Melo
Co-autores;DELETAR
Aleteia P. Favacho Araújo;Aleteia Patricia Favacho De Araujo
Aleteia Patricia Araujo;Aleteia Patricia Favacho De Araujo
André Costa Drummond;Andre Costa Drummond
Marcos F. Simón Gálvez;Marcos Felipe Simón Gálvez
Correa, Jan Mendonca;Jan Mendonca Correa
Lucia M. A. Drummond;Lucia Maria Drummond
Lucia Drummond;Lucia Maria Drummond
De A. Drummond, Lucia Maria;Lucia Maria Drummond
Leite, Sergio Ribeiro;Sérgio Ribeiro Leite
Koike, Carla Cavalcante;Carla Maria Chagas Cavalcante Koike
Castanho, Carla D.;Carla Denise Castanho
Melo, Alba Cristina Alves;Alba Cristina Magalhaes Alves De Melo
De Araujo, Aleteia Patricia F.;Aleteia Patricia Favacho De Araujo
Tavares Nunes, Vanessa;Vanessa Tavares Nunes
Vitor De Araújo Vieira;Victor Araújo Vieira
Amaral, Luis Henrique Vieira;Luis Henrique Vieira Amaral
Reis, Ana Carla Bittencourt;Ana Carla Bittencourt Reis
Paldês, Roberto Ávila;Roberto Avila Paldês
Masson, Eloisa Toffano Seidel;Eloisa Toffano Seidel Masson
Paldes, Roberto Avila;Roberto Avila Paldês
Eloisa Masson, T. S.;Eloisa Toffano Seidel Masson
Okimoto, Márcio Vinicius;Marcio Vinicius Okimoto
De Mendonça, Walter Lucas Monteiro;Walter Lucas Monteiro De Mendonça
Cançado, Emille Catarine Rodrigues;Emille Catarine Rodrigues Cançado
Gravina, Rogério;Rogério Machado Gravina
Ribeiro, Vanessa;Vanessa Coelho Ribeiro
Reis, Vinicius;Vinicius Eloy dos Reis
Vinicius Okimoto, Marcio;Marcio Vinicius Okimoto
Silva Mota, Jhonatan;Jhonatan Silva Mota
Eloisa Masson;Eloisa Toffano Seidel Masson
Seidel Masson, Eloisa Toffano;Eloisa Toffano Seidel Masson
Marcos Vinicius Pinheiro Dib Filho;Marcos Vinícius Pinheiro Dib Filho
Okimoto, Marcio;Marcio Vinicius Okimoto
Bonif´cio, Rodrigo;Rodrigo Bonifacio de Almeida
Castanho, Carla Denise;Carla Denise Castanho
Jacobi, Ricardo Pezzoul;Ricardo Pezzuol Jacobi
Chaim, Ricardo;Ricardo Matos Chaim
Caetano, M. F.;Marcos Fagundes Caetano
Caetano, M.f.;Marcos Fagundes Caetano
Caetano, Marcos Fagundes;Marcos Fagundes Caetano
Carvalho, Ricardo S.;Ricardo Silva Carvalho
Lopes, Ingrid Santana;Ingrid Santana
Castanho, Carla;Carla Denise Castanho
Foley, J.m.;John M. Foley
Gomes, J.g.;José Gabriel R.C. Gomes
Adsumilli, C.b.;Chowdary B. Adsumilli
Bailey, D.;Donald Bailey
Mitra, S.;Sanjit Koumar Mitra
Neri, A.;Alessandro Neri
Munoz, Daniel;Daniel Muñoz Arboleda
Martinez, Helard Becerra;Helard Becerra Martinez
Eduardo V. Dias;Eduardo V. Dias
Dias, Eduardo V.;Eduardo V. Dias
Vargas, Eduardo R. A.;Eduardo R. A. Vargas 
Luz, Kerlla S.;Kerlla S. Luz
Garcia, Henrique D.;Henrique D. Garcia
Lima, Jonathan;Jonathan Lima
Miosso, Cristiano;Cristiano Miosso
Nasrabadi, Afshin Taghavi;Afshin Taghavi Nasrabadi
Samiei, Aliehsan;Aliehsan Samiei
Mahzari, Anahita;Anahita Mahzari
Mcmahan, Ryan P.;Ryan P. Mcmahan
Prakash, Ravi;Ravi Prakash
Martinez, Helard B.;Helard Becerra Martinez
Karnaukhov, Valeriy E.;Valeriy E. Karnaukhov
Costa, Breno G. S.;Breno G. S. Costa
Carvalho, Ricardo;Ricardo Silva Carvalho
Melo, Tassio;Tassio Melo
G. S. Costa, Breno;Breno G. S. Costa
Rogerio Dias Moreira;Rogério Dias Moreira
Moreira, Rogerio Dias;Rogério Dias Moreira
Leite, Rodrigo;Rodrigo Leite
Leite, Cristoffer;Cristoffer Leite
Amaral, Rafael;Rafael Amaral
Medeiros, Eden;Éden Medeiros
Prandel, Paulo Cesar;Paulo Cesar Prandel
Sampaio, Renato C.;Renato Coral Sampaio
Pedro A. Berger;Pedro de Azevedo Berger
Pedro Berger;Pedro de Azevedo Berger
Berger, Pedro De A.;Pedro de Azevedo Berger
Ayala, Helon;Helon Vicente Hultmann Ayala
Sampaio, Renato;Renato Coral Sampaio
Coelho, Leandro;Leandro Dos S. Coelho
Machado, Emerson;Emerson Machado
Ferran Marqués;Ferran Marques
Marques, Thiago;Thiago Marques
Renato C. Sampaio;Renato Coral Sampaio
Coral, Renato;Renato Coral Sampaio
Silva, Francisco Carlos;Francisco Carlos Silva Junior
Patrocinio, Joao P. Dos S.;João P. dos S. Patrocinio
Silva, Ivan Saraiva;Ivan Saraiva
Sena, Demóstenes;Demostenes Sena
Malaquias, Romero;Romero Malaquias
Ribeiro, Marcio;Marcio Ribeiro
Medeiros, Flavio;Flávio Medeiros
Dantas, Reno;Reno Dantas
Fantin, Luisa;Luísa Fantin
Vinícius Uriel Nunes;Vinicius Uriel Cardoso Nunes
Silva, Uriel;Uriel Silva
Agilar, Everton;Everton De Vargas Agilar
De Melo, Carlos Eduardo R.;Carlos Eduardo R. de Melo
Ferreira Campos, Uriel;Uriel Ferreira Campos
Smethurst, Guilherme;Guilherme Smethurst
Moraes, Joao Pedro;João Pedro Moraes
Carvalho, Luiz;Luiz Carvalho
Assunção, Wesley K. G.;Wesley K. G. Assunção
Tizzei, Leonardo P.;Leonardo P. Tizzei
Colanzi, Thelma Elita;Thelma Elita Colanzi 
Amaral, Luis;Luis Henrique Vieira Amaral
Oliveira, Marcos C.;Marcos César de Oliveira
Fortes, Jose;José Fortes
Alencar, Daniel;Daniel Alencar
Medeiros, Marcos;Marcos Medeiros
Kulesza, Uira;Uirá Kulesza
Adachi, Eiji;Eiji Adachi
Castro, Thiago M.;Thiago Mael de Castro
Schimidt Feris, R.;Rogério Schmidt Feris
Cesar, R.m.;Roberto Marcondes Cesar Junior
Mcauley, Julian J.;Julian J. McAuley
Caetano, Tiberio S.;Tiberio S. Caetano
Mcauley, Julian;Julian J. McAuley
Barnard, Mark;Mark Barnard
Mikolajczyk, Krystian;Krystian Mikolajczyk
Yan, Fei;Fei Yan
Walterio W Mayol-cuevas;Walterio W Mayol cuevas
Mayol Cuevas, Walterio W.;Walterio W Mayol cuevas
Murray, David W.;David W. Murray
Tordoff, B.;Ben Tordoff
Mayol, W.w.;Walterio W Mayol cuevas
Nazli Faraji-davar;Nazli Farajidavar
Farajidavar, Nazli;Nazli Farajidavar
Coppi, Dalia;Dalia Coppi
Cucchiara, Rita;Rita Cucchiara
Cesar, Roberto;Roberto Marcondes Cesar Junior
Kim, Hansung;Hansung Kim
Silva, Nilton;Nilton Silva
Braz, Fabricio;Fabricio Braz
Marcondes Cesar, Roberto;Roberto Marcondes Cesar Junior
Meirelles Carril Elui, Valeria;Valeria Meirelles Carril Elui
Pereira, Tiago;Tiago Pereira
De Souza Costa Pedroso, Daniel;Daniel de Souza Costa Pedroso
Bhowmik, Tanmay;Tanmay Bhowmik
Massoni, Tiago;Tiago Massoni
Carlos Lucena;Carlos José Pereira De Lucena
Carlos Jose Pereira De Lucena;Carlos José Pereira De Lucena
Lucena, Carlos;Carlos José Pereira De Lucena
Silva, Thais G.;Thaís Garcia da Silva
Vieira, Armando A.h.;Armando Augusto Henriques Vieira
Oliveira, Maria Cristina F.;Maria Cristina Ferreira de Oliveira
Santos, Denise Junqueira Dos;Denise Junqueira dos Santos
Popovic, Branko;Branko Popovic
Cordeiro, Douglas Farias;Douglas Farias Cordeiro
Rodrigues, Emily S.;Emily Souza Rodrigues
Medeiros, Murilo C.;Murilo C. Medeiros
Pio, Pedro B.;Pedro B. Pio
Sodré, Igor C.;Igor C. Sodre
Priscila Sólis Barreto;Priscila America Solis Mendez Barreto
Rejane M. Da C. Figueiredo;Rejane Maria Da Costa Figueiredo
Figueiredo, Marco Antonio C.;Marco Antonio Caldas De Figueiredo Jr
Figueiredo, J.c.abrantes;Jorge César Abrantes de Figueiredo
A. G. Santos Júnior;Arnaldo Gomes dos Santos Júnior
Mylène Christine Queiroz De Farias;Mylene Christine Queiroz De Farias
Da Silva, Waldeyr Mendes C.;Waldeyr Mendes Cordeiro da Silva
G. Araújo;Graziela S. Araujo
A. V. Papadopolis;Alexandre Vinhadelli Papadópolis
A. J. Cerqueira;Anderson Jefferson Cerqueira
D. C. F. Dupin;Davi Cunha Farias Dupin
H. A. Santos;Hudson Alves Dos Santos
Renan;Renan U. Ferreira
Renan Utida;Renan U. Ferreira
Dorea;Camilo Chang Dorea
Camilo Dorea;Camilo Chang Dorea
Eduardo Alchieri;Eduardo Adilio Pelinson Alchieri
Da Cunha Passos, Paulo;Paulo Da Cunha Passos
Martins, Luiz C. B.;Luiz Martins
Victorino, Márcio C.;Marcio De Carvalho Victorino
Grønli, Tor-morten;Tor-Morten Gronli
Esteves, Stéfany;Stéfany Leal Esteves
Araújo, Patrícia De Nardi;Patrícia De Nardi Araújo
Oliveira, Lucas Charles De;Lucas Charles De Oliveira
Poletti, João;Joao Victor Poletti
Martins, Lucas;Lucas M. C. E Martins
Almeida, Samuel;Samuel Almeida
Sousa Júnior, Rafael;Rafael Timoteo De Sousa Junior
Sebba, Paulo L.;Paulo Sebba
Passos, Paulo;Paulo Da Cunha Passos
Mota, Alon;Alon Mota
Cordeiro, Bruno;Bruno Cordeiro
Egler, Pedro;Pedro Egler
Da Silva, Dennis Savio M.;Dennis Sávio Silva
Da Silva, Waldeyr M. C.;Waldeyr Mendes Cordeiro da Silva
Ruizhe, Guo;Ruizhe Guo
Bernardi, Ana Paula;Ana Paula Bernardi Da Silva
Castro, Liester Cruz;Liester Cruz Castro
De Freitas, Luigy;Luigy de Freitas
Torres, Rodrigo A. L.;Rodrigo A. L. Torres
Da Cunha, Urias C.;Urias C. da Cunha
Kiane Rezende, M. F.;Kiane Fialho Rezende
Rezende, Kiane Mabel Fialho;Kiane Fialho Rezende
De Moura Rezende Dos, Felipe;Felipe De Moura Rezende Dos Santos
Ortiz-lopez, Keishla D.;Keishla D. Ortiz-Lopez
Furuta, Richard;Richard Furuta
Medeiros, Gabriel;Gabriel F. B. de Medeiros
Silveira, Rodrigo;Rodrigo Da Fonseca Silveira
Marcio Victorino;Marcio De Carvalho Victorino
Marcio C. Victorino;Marcio De Carvalho Victorino
De Carvalho Victorino, Marcio;Marcio De Carvalho Victorino
Dias, Lucas;Lucas Benevides Dias
Silva, Dennis;Dennis Sávio Silva
Sousa Junior, Rafael;Rafael Timoteo De Sousa Junior
Araujo, Jose Maria A.;Jose Maria A. Araujo
De Moura, Alysson Cristiano E.;Alysson Cristiano E. de Moura
Da Silva, Silvia Laryssa B.;Silvia Laryssa B. da Silva
Genaína Nunes Rodrigues;Genaina Nunes Rodrigues
Ribeiro, Edward De Oliveira;Edward De Oliveira Ribeiro
Da Silva, Gladston Luiz;Gladston Luiz da Silva
Gomes, Augusto;Augusto Gomes
Thiago Lima;Thiago S. Lima
Jorge Henrique C. Fernandes;Jorge Henrique Cabral Fernandes
Simone Cintra Chagas;Simone C. Chagas
Lopes, Vitor;Vitor Lopes
Lima, Jorge;Jorge Lima
Costa, Wagner;Wagner Costa
Garcia, Luis;Luis Paulo Faina Garcia
De Oliveira, Beatriz Fragnan P.;Beatriz Fragnan P. de Oliveira
Mandelli, Marcelo;Marcelo Mandelli
Silva, Dilma Da;Dilma da Silva
Ferreira, Leonardo;Leonardo Ferreira
De Oliveira, Felipe Schiavon;Felipe Schiavon de Oliveira
Da Rocha, Ovidio Pires;Ovídio Pires da Rocha
Souza, Gustavo C.;Gustavo C. Souza
Aniceto, Rodrigo C;Rodrigo Aniceto
Carvalho, Luis G. A.;Luis G A Carvalho
Hartenstein, Reiner W.;Reiner W Hartenstein
Ventura, Daniel;Daniel Lima Ventura
Soncco-alvarez, Jose Luis;José Luis Soncco-álvarez
Janier Arias-garcía;Janier Arias Garcia
Arias-garcia, Janier;Janier Arias Garcia
Braga, Andre;André Braga
Alfredo A. F. Fialho;Alfredo Fialho
Alfredo L. F. Fialho;Alfredo Fialho
Foltran, Alfredo;Alfredo Foltran
Munoz, Daniel M.;Daniel Muñoz Arboleda
Dos Santos Coelho, Leandro;Leandro Dos S. Coelho
Almeida, Gabriel Marchesan;Gabriel Marchesan Almeida
Becker, Juergen;Juergen Becker
Almeida, Ariane Alves;Ana Paula G. S. Almeida
Arias-garcía, Janier;Janier Arias Garcia
José Luis Soncco-álvarez;José Luis Soncco-álvarez
Soncco-alvarez, Jose L.;José Luis Soncco-álvarez
De Lima, Thaynara A.;Thaynara Arielly de Lima
Soncco-álvarez, José L.;José Luis Soncco-álvarez
Da Silveira, Lucas Angelo;Lucas Angelo Da Silveira
Saad Nogueira Nunes, Daniel;Daniel Saad Nogueira Nunes
Gog, Simon;Simon Gog
Muñoz, César;Cesar A. Muñoz
Dutle, Aaron;Aaron M. Dutle
Narkawicz, Anthony;Anthony J. Narkawicz
De Barros, Jesse Barreto;Jesse Barreto de Barros
Quintero, Carlos Humberto Llanos;Carlos Humberto Llanos Quintero
Foley, John M.;John M. Foley
Mitra, Sanjit K.;Sanjit Koumar Mitra
Gelasca, E.d.;Elisa Drelie Gelasca
Ebrahimi, T.;Touradj Ebrahimi
Carli, M.;Marco Carli
Mitra, S.k.;Sanjit Koumar Mitra
Neri, A.;Alessandro Neri
Aliehsan Samiei,;Aliehsan Samiei
M. Matsumoto;Mitsuji Matsumoto
T. Hunziker;Thomas Hunziker
T. Ohira;Takashi Ohira
E. C. B. Carvalho Filho;Edson Costa De Barros Carvalho Filho
G. S. S. D. Prasad;Gannabathula Sri Sesha Durga Prasad
A. G. Nowosad;Andrzej Nowosad
M. J. A. Bolzan;Mauricio Bolzan
E. S. M. Chiang;Chiang
Joao F. Marar;Joao Fernando Marar
J. F. Marar;Joao Fernando Marar
H. H. Szu;Harold H. Szu
K. T. Paw;Kyaw Tha Paw 
A. O. Manzi;Antonio Ocimar Manzi
N. J. Ramirez;Nelson Jesus Ferreira
M. C. Valverde;Maria Cleofé Valverde Ramírez
C. J. Coelho;Clarimar José Coelho 
N. C. Da Silva;Nilton Silva
Q. H. Qian;Qian Qihu
Bicalho, Gustavo Carneiro;Gustavo Carneiro Bicalho
Alves, Marcelo Cobias Amorim;Marcelo Cobias Amorim Alves
Felipe De Melo Nunes, Luis;Luis Felipe de Melo Nunes
Ferreira, Arthur Emidio T.;Arthur Emidio T. Ferreira
Almeida, Ana Paula G. S. De;Ana Paula G. S. Almeida
Ana Paula Gonçalves Soares De Almeida;Ana Paula G. S. Almeida
S. De Almeida, Ana;Ana Paula G. S. Almeida
Mendelson, Mateus;Mateus Mendelson Silva
Silva, Mateus Mendelson;Mateus Mendelson Silva
Da Costa, Aclécio Pereira;Aclécio Pereira da Costa
Rosenblum, David S.;David S. Rosenblum
Uchitel, Sebastian;Sebastian Uchitel
Marinho, Euler H.;Euler H. Marinho
Mendonca, Alysson A.;Alysson A. Mendonca
Alves, Carina;Carina Alves
Duboc, Leticia;Leticia Duboc
Laranjeira, Luiz A.;Luiz Laranjeira
Nunes, Vinicius;Vinicius Uriel Cardoso Nunes
Mendonça, Danilo F.;Danilo Filgueira Mendonça
Roriz, Alexandre Vaz;Alexandre Vaz Roriz
Lanna, Andre;Andre Lanna
Cordy, Maxime;Maxime Cordy
Sharifloo, Amir Molzam;Amir Molzam Sharifloo
Legay, Axel;Axel Legay
Paiva, Renato;Renato Paiva
Ladeira, Marcelo;Marcelo Ladeira
Eleuterio, Jane Dirce Alves Sandim;Jane Dirce Alves Sandim Eleuterio
Gaia, Felipe Nunes;Felipe Nunes Gaia
Bondavalli, Andrea;Andrea Bondavalli
Lollini, Paolo;Paolo Lollini
Rubira, Cecilia Mary Fischer;Cecília Mary Fischer Rubira
Siqueira, Elton Sarmanho;Elton Sarmanho Siqueira
Caldas, Ricardo Diniz;Ricardo Caldas
Vogel, Thomas;Thomas Vogel
Pelliccione, Patrizio;Patrizio Pelliccione
Gabriela Felix Solano;Gabriela Félix Solano
Felix Solano, Gabriela;Gabriela Félix Solano
Diniz Caldas, Ricardo;Ricardo Caldas
Gil, Eric Bernd;Eric Bernd Gil
Caldas, Ricardo;Ricardo Caldas
Da Silva, Gabriel Levi Gomes;Gabriel Levi Gomes da Silva
Widener, Patrick;Patrick Widener
Podhorszki, Norbert;Norbert Podhorszki
Andrade, G.;Guilherme Andrade
Ferreira, R.;Renato Ferreira
Rocha, Leonardo;Leonardo Rocha 
Zhu, Yangyang;Yangyang Zhu
Tucker-burden, Carol;Carol Tucker-Burden
Brat, Daniel J.;Daniel J. Brat
Treanor, Darren;Darren Treanor
Magee, Derek;Derek Magee
Zhang, Pengyue;Pengyue Zhang
Blanquer, Ignacio;Ignacio Blanquer
Fabíola Gonçalves Pereira Greve ;Fabíola Greve
Alberich-bayarri, Ángel;Angel Alberich-Bayarri
García-castro, Fabio;Fabio Garcia-Castro
Meirelles, André;Andre L.S. Meirelles
Nascimento, Bruno;Bruno Nascimento
Meira Jr., Wagner;Wagner Meira Junior
Carvalho, Andre C.p.l.f.;André Carlos Ponde De Leon Ferreira De Carvalho
Bittencourt, Luiz F.;Luiz Fernando Bittencourt
Humphrey Corrêa Da Fonseca;Humphrey Correa Da Fonseca
Correa, Claudio;Claudio Correa
Farias, Claudio M. De;Claudio Miceli de Farias
Pazzi, Richard W.;Richard W. Pazzi
Carvalho, Eduardo;Eduardo C. De Carvalho
Ueyama, J;Jó Ueyama
Carvalho, Eduardo C.;Eduardo C. De Carvalho
Ferreira, Bruno V.;Bruno Ferreira
Gustavo H M De Arruda;Gustavo H M De Arruda
Freitas, Gustavo M.;Gustavo Medeiros Freitas
Kieckbusch, Diego S.;Diego Santos Kieckbusch
Vitor Fillincowsky Ribeiro ;Vitor Filincowsky Ribeiro
Ribeiro, Vitor F.;Vitor Filincowsky Ribeiro
Fregnani, Jose A. T. G.;Jose Alexandre T. G. Fregnani
Mattos, Bento S.;Bento S. Mattos
Da Costa, Joahannes B.d.;Joahannes B. D. da Costa
Ladeira, Lucas Zanco;Lucas Zanco Ladeira
De Souza, Allan Mariano;Allan Mariano De Souza
Thiago P. Faleiros;Thiago De Paulo Faleiros
Thiago Mendonca Ferreira Ramos;Thiago Mendonça Ferreira Ramos
Thiago Mendoça Ferreira Ramos;Thiago Mendonça Ferreira Ramos
Silva, Thiago Henrique;Thiago Henrique Silva
Sanches, Matheus Ferraroni;Matheus Ferraroni Sanches
Joahannes B. D. Da, Costa;Joahannes B. D. da Costa
Rosario, Denis;Denis Rosario
Diego Kieckbusch;Diego Santos Kieckbusch
Kieckbusch, Diego;Diego Santos Kieckbusch
Di Oliveira, Vinicius;Vinicius Di Oliveira
Neto, Sergio;Sergio Neto
Chagas, Simone Cintra;Simone C. Chagas
Cayo, Eber Huanca;Eber Huanca Cayo
Nakano, K.;Koji Nakano
Vieira, Carlos E. C.;Carlos E. C. Vieira
Gondim, Paulo R. L.;Paulo R. L. Gondim
Rodrigues, Carino A.;Carino A. Rodrigues
Mário A R Dantas;Mario Antonio Ribeiro Dantas
Dantas, M. A. R.;Mario Antonio Ribeiro Dantas
Barreto, P.s.;Priscila America Solis Mendez Barreto
Barreto, Priscila S.;Priscila America Solis Mendez Barreto
Guimaraes, Lucas De Melo;Lucas de Melo Guimarães
Oliveira, Alex Rodrigo De;Alex Rodrigo de Oliveira
Neves, Thiago F.;Thiago F. Neves
De Melo Guimaraes, Lucas;Lucas de Melo Guimarães
Neves, Thiago Fernandes;Thiago F. Neves
Rego, Camila F.;Camila Feitosa Rego
Afonseca, Ulisses R.;Ulisses Rodrigues Afonseca
Bedogni, Luca;Luca Bedogni
Bononi, Luciano;Luciano Bononi
Okamoto, Satoshi;Satoshi Okamoto
Nunes, Lucas S.n.;Lucas Saad N. Nunes
De Guimaraes, Lucas Melo;Lucas de Melo Guimarães
David Branco, Guilherme;Guilherme David Branco
Nunes, Lucas S. N.;Lucas Saad N. Nunes
Fernandes, Silas S.;Silas S. Fernandes
Makiuchi, Mariana R.;Mariana Rodrigues Makiuchi
Marcus Vinícius Lamar;Marcus Vinícius Lamar
Lamar, Marcus V.;Marcus Vinícius Lamar
Rodrigo Hagstrom;Rodrigo Otávio Ribeiro Hagstrom
Hagstrom, Rodrigo;Rodrigo Otávio Ribeiro Hagstrom
L. Li, Daniel;Daniel L. Li
Pamplona, Daniel Alberto;Daniel Alberto Pamplona
Fregnani, Jose Alexandre T. G.;Jose Alexandre T. G. Fregnani
De Oliveira, Italo Romani;Italo Romani De Oliveira
Fregnani, Jose Alexandre;Jose Alexandre T. G. Fregnani
Shiguemori, Elcio Hideiti;Elcio Hideiti Shiguemori
Cláudio Jorge Pinto Alves;Claudio Jorge Pinto Alves
Alves, Claudio Jorge Pinto;Claudio Jorge Pinto Alves
Bonomo, Igor S.;Igor Da Silva Bonomo
Barbosa, Iuri R.;Iuri Souza Ramos Barbosa
Monteiro, Lucas;Lucas Monteiro
Bassetto, Camila;Camila Bassetto
De Barros Barreto, Alexandre;Alexandre de Barros Barreto
Saleh, Ahmed A.;Ahmed Abdelfattah Saleh
Liang, Man;Man Liang
Delahaye, Daniel;Daniel Delahaye
Notry, Philippe;Philippe Notry
Leite, Daniel Valerio;Daniel Valério Leite
Barreto, Alexandre B.;Alexandre de Barros Barreto
Crespo, Antonio M. F.;Antonio Marcio Ferreira Crespo
Dourado, Aloisio;Aloisio Dourado Neto
Guth, Frederico;Frederico Guth
Li, Denise Levi;Denise Leyi Li
De Souto, Marcilio C. P.;Marcilio C. P. De Souto
Carbone, Felipe Jose;Felipe José Carbone
Santanna, Jose Jair Cardoso De;José Jair Cardoso de Santanna
Tarouco, Liane Margarida Rockenbach;Liane Margarida Rockenbach Tarouco
Bertholdo, Leandro Marcio;Leandro Márcio Bertholdo
Arbiza, Lucas Mendes Ribeiro;Lucas Mendes Ribeiro Arbiza
Carbone, Felipe;Felipe José Carbone
Jose Jair Cardoso De Santanna;José Jair Cardoso de Santanna
De Santanna, Jose Jair Cardoso;José Jair Cardoso de Santanna
Tarouco, Liane Margarida Rochenbach;Liane Margarida Rockenbach Tarouco
Silva, Aloizio P.;Aloizio P. Silva
Marquez-barja, Johann M.;Johann M. Marquez-Barja
Abreu, Bernardo A.;Bernardo A. Abreu
Silva, Erik B.;Erik B. Silva
Carvalho, Marcos;Marcos Carvalho
Nunes, Matheus;Matheus Nunes
Hammad, Ali;Ali Hammad
Silva, Carlos F. M.;Carlos F. M. e. Silva
Marcos Vinícius Pinheiro Dib;Marcos Vinícius Pinheiro Dib Filho
Pinheiro, Joao F. N.;João F. N. Pinheiro
Lima, Iasmini;Iasmini Lima
Oliveira, Matheus;Matheus Oliveira
Vilar, Danilo;Danilo Vilar
Souza, Daniel;Daniel Souza
Brigido, Marcelo;Marcelo de Macedo Brígido
De Paula Moraes Costa, Heitor Henrique;Heitor Henrique Costa
Gondim, Joao Jose Costa;Joao Jose da Costa Gondim
Roberto Mourão;Roberto Mourao
Mourao, Roberto N.;Roberto Mourao
Ramos, Guilherme N.;Guilherme Novaes Ramos
Costa, Mirele;Mirele Costa
Oliveira, João;João Victor de Araujo Oliveira
C. Da Silva, Waldeyr;Waldeyr Mendes Cordeiro da Silva
Sousa, D. F. M.;Danísio F. M. Sousa
Miranda, R. P;Robson P. Miranda
Sousa Jr, R. T.;Rafael Timoteo De Sousa Junior
Angelo Brayner;Angelo Roncalli Alencar Brayner
Abbas, C. J. B.;Cláudia J. B. Abbas
Angelo Brayner;Angelo Roncalli Alencar Brayner
Brayner, A.;Angelo Roncalli Alencar Brayner
Fialho, Sergio;Sergio Fialho
Saatkamp, Helumth;Helmuth Saatkamp
De F. Filho, Henrique P.;Henrique Pereira de Freitas Filho
Vera, Harley;Harley Vera-Olivera
Dos Santos, Yago Luiz;Yago Luiz dos Santos
Henrique D. Garcia;Henrique Domingues Garcia
Henrique Freitas;Henrique Pereira de Freitas Filho
De Freitas Filho, Henrique Pereira;Henrique Pereira de Freitas Filho
Ana Regia De Mendonça Neves;Ana Regia De Mendonca Neves
Jan Mendonça Correa;Jan Mendonca Correa
Jan Mendonça;Jan Mendonca Correa
Fábio Lúcio Lopes Mendonça;Fábio Lúcio Lopes De Mendonça
Danilo F. Mendonça;Danilo Filgueira Mendonça
Danilo Filgueira Mendonça;Danilo Filgueira Mendonça
Danilo Mendonça;Danilo Filgueira Mendonça
Maia, Daniel Cosme Mendonca;Daniel Cosme Mendonça Maia
Camargos, Breno D. C.;Breno D. C. Camargos
"Mauri&#769;lio Humberto Rodrigues Miranda";Maurílio Humberto Rodrigues Miranda
"Mauri&#769;lio Humberto Rodrigues Miranda";Maurílio Humberto Rodrigues Miranda
Huacarpuma, Ruben C.;Ruben Cruz Huacarpuma
De Armas, Elvismary Molina;Elvismary Molina de Armas
Da Silva, Waldeyr Mendes Cordeiro;Waldeyr Mendes Cordeiro da Silva
Ferreira, Paulo Cavalcanti Gomes;Paulo Cavalcanti Gomes Ferreira
Magalhaes, Halley;Halley Magalhães
Cardoso, Luan;Luan Cardoso
Da Slva, Michael R.;Michael R. da Slva
Van Erven, Gustavo C. G.;Gustavo Cordeiro Galvao van Erven
Neto, Aloisio Dourado;Aloisio Dourado Neto
Fernandes, Eduardo Pires;Eduardo Pires
Carvalho, Rommel N.;Rommel Novaes Carvalho
De Branco, William Gomes;William Gomes de Branco
Paulo Franklin Von Paungartten Junior;Paulo Franklin Von Paungartten Júnior
Von Paumgartten, Paulo Franklin;Paulo Franklin Von Paungartten Júnior
De Medeiros, Gabriel Franklin Braz;Gabriel Franklin Braz De Medeiros
Roberto, Evandro;Evandro Roberto Mota
Oliveira, Edgard Costa;Edgard Costa Oliveira
Ghinea, George;George Ghinea
Chhetri, Sammohan;Sammohan Chhetri 
Martins, Luiz Carlos Barbosa;Luiz Carlos Barbosa Martins
Victorino, M'rcio C.;Marcio De Carvalho Victorino
De Sousa Jr, Rafael T.;Rafael Timoteo De Sousa Junior
Dias, Lucas B.;Lucas Benevides Dias
Bernardi Da Silva, Ana Paula;Ana Paula Bernardi Da Silva
Moraes, Catheriny Soares Andrade;Catheriny Soares Andrade Moraes
Londe Dos Santos, Pedro Otavio;Pedro Otávio Londe dos Santos
Gravina, Rogerio Machado;Rogerio Machado Gravina
Aminul Mohammad Haq;Mohammad Aminul Haq
Coelho, Florangela Cunha;Florângela Cunha Coelho
M. Kosuga;Masakatsu Kosuga
Alba Cristina M. A. De Melo;Alba Cristina Magalhaes Alves De Melo
Célia Ghegini Ralha;Celia Ghedini Ralha
Claudia J. B. Abbas;Cláudia J. B. Abbas
Flávio Vidal;Flavio De Barros Vidal
Genaina Rodrigues;Genaina Nunes Rodrigues
Geraldo P. Rocha Filho;Geraldo Pereira Rocha Filho
Henrique D. Garcia;Henrique Domingues Garcia
Marcelo M Brígido;Marcelo De Macedo Brígido
Mylene Q. Farias;Mylene Christine Queiroz De Farias
Mylene Farias;Mylene Christine Queiroz De Farias
Ricardo L. De Queiroz;Ricardo Lopes De Queiroz
Ricardo Pezzoul Jacobi;Ricardo Pezzuol Jacobi
Ricardo Puttini;Ricardo S. Putinni
Fabio Lucio Lopes De Mendonca;Fabio Lucio Lopes De Mendonca
Fábio Lúcio Lopes De Mendonça;Fabio Lucio Lopes De Mendonca
Teofilo Emido Campos;Teofilo Emidio De Campos
Iuyi Ramos;Iuri Souza Ramos Barbosa
Iuri Ramos;Iuri Souza Ramos Barbosa
Vinicius Borges;Vinicius Ruela Pereira Borges
Hammurabi Mendes;Hammurabi das Chagas Mendes
Mendes, Hammurabi Das_chagas;Hammurabi das Chagas Mendes
Giraldo, Juan Fernando Eusse;Juan Fernando Eusse
Andrade, Alisson;Alisson Andrade
Edans Flavius De Oliveria Sandes;Edans Flavius de Oliveira Sandes
Edans Flávius De Oliveira Sandes;Edans Flavius de Oliveira Sandes
De O. Sandes, Edans F.;Edans Flavius de Oliveira Sandes
Gomes, Jeremias M.;Jeremias Moreira Gomes
Ito, Yasuaki;Yasuaki Ito
Figueiredo, Marco;Marco Figueiredo
Lopes, Rafael A.;Rafael A. Lopes
Thibault, Samuel;Samuel Thibault
Teylo, Luan;Luan Teylo
Nunes, Alan L.;Alan L. Nunes
Natália Florêncio Martins;Natalia Figueiredo Moreira
Martins, Natalia F.;Natalia Figueiredo Moreira
De Oliveira, Gabriel S. S.;Gabriel S. S. de Oliveira
Ribeiro, Edward;Edward Ribeiro
Diogo C. Garcia;Diogo Caetano Garcia
Ferreira, Diogo A.;Diogo A. Ferreira
Pinheiro, Rodrigo;Rodrigo Pinheiro
Lima, Deric;Deric Lima
Oliveira, Gabriel;Gabriel Oliveira
Togawa, Roberto;Roberto Coiti Togawa
Carvalho, Edison M.;Edison M. Carvalho
Fernandes, Jair R.;Jair R. Fernandes
Dullius, Jane;Jane Dullius
De Deus, Flavio;Flávio Elias Gomes De Deus
Aires, Bruno;Bruno Aires
Ribeiro, Gabriela;Gabriela Ribeiro
Vidal, Sandra S. A. N.;Sandra S. A. N. Vidal
Dos Santos, Renan M. G.;Renan M. G. dos Santos
Cortes, Fabiano P.;Fabiano Cortês
Gallon, Ricardo;Ricardo Fernandes Gallon
Ferreira, Marcus;Marcus Ferreira
Percy, Lecio;Lecio Percy Junior
Torres, Babiana;Babiana Torres
Ito, Marina Kiyomi;Marina Kiyomi Ito
De Sousa, Rafael;Rafael Timoteo De Sousa Junior
Da Mata, Daniel Q.;Daniel Queiroz Da Mata
Dias Dos Santos, Gileno;Gileno Dias Dos Santos
Do Nascimento, Leandro Miranda;Leandro Miranda do Nascimento
Ramos, Thales M.;Thales M. Ramos
Alexandre Luiz Damasceno;Alexandre Damasceno
Damasceno, Mateus B.;Mateus B. Damasceno
Holanda, Breno R. Moura Maristela;Breno R. Moura
Camargos, Breno;Breno D. C. Camargos
De Moraes, Altino J. Mentzingen;Altino Mentzingen De Moraes
De Deus, Flavio E. G.;Flávio Elias Gomes De Deus
De Sousa, Bruno A.;Bruno A. de Sousa
Villapouca, Nelson G.;Nelson Villapouca
Freitas, Henrique;Henrique Cota de Freitas
Cortes, Fabiano;Fabiano Cortês
Santos, Renan;Renan Santos
Silva, Gyllcymar;Gyllcymar Silva
Chabrawi, Noha;Noha Chabrawi
Daniel Sandoval;Daniel A. M. Sandoval
George Van Bories;George von Borries
Araujo, George Sand L.;George Sand L. Araújo
Walter, Maria E.;Maria Emilia Machado Telles Walter
Moraes, Altino;Altino Mentzingen De Moraes
Silva, Waldeyr Mendes C.;Waldeyr Mendes Cordeiro da Silva
Gabriel Heleno Goncalves Silva;Gabriel Heleno Gonçalves
Goncalves Da Silva, Gabriel Heleno;Gabriel Heleno Gonçalves
Santana, Ingrid;Ingrid Santana
Campos, Luiz Henrique S. Madeira;Luiz Henrique S. Madeira Campos
Goncalves, Clendson Domingos;Clendson Domingos Goncalves
Campos, Marcito Ribeiro Madeira;Marcito Ribeiro Madeira Campos
Quirino Da Silva, Osmar;Osmar Quirino Da Silva
Marco Antônio Souza Reis;Marco Antonio Sousa Reis
Marco Reis;Marco Antonio Sousa Reis
Reis, Marco Antonio Sousa;Marco Antonio Sousa Reis
Rosa, Michel J. F.;Michel J.F.Rosa
Mendes, Felipe L. S.;Felipe L. S. Mendes
De Carvalho, Leonardo Reboucas;Leonardo Reboucas De Carvalho
Nunes, Thayanna Klysnney Moreira;Thayanna Klysnney Moreira Nunes
Luisa Hansen;Luiza Aguiar Hansen
Luiza Hansen;Luiza Aguiar Hansen
Hansen, Luiza;Luiza Aguiar Hansen
Rebouças De Carvalho, Leonardo;Leonardo Reboucas De Carvalho
Mauro C Sobrinho;Mauro Cesar Sobrinho
Sobrinho, Matheus;Matheus Sobrinho
Waldeyr Mendes C. Da Silva;Waldeyr Mendes Cordeiro da Silva
Silva, Waldeyr;Waldeyr Mendes Cordeiro da Silva
Da Silva, Dilma;Dilma da Silva
Roberta Zumblik;Roberta Zumblick
Roberta B. Oliveira;Roberta Barbosa Oliveira
Oliveira, Roberta B.;Roberta Barbosa Oliveira
Carvalho, Leonardo Reboucas De;Leonardo Reboucas De Carvalho
De Souza, Paulo Jose;Paulo Jose de Souza
De Morais, Nathaniel Simch;Nathaniel Simch De Morais
Francisco, N. C;Nelson C. Francisco
Sérgio Antônio Andrade De Freitas;Sergio Antônio Andrade Freitas
Rodrigues, N. M. M.;Nuno M. M. Rodrigues
De Faria, S. M. M.;Sérgio M. M. de Faria
Ishikawa, Edison;Edison Ishikawa
Pattinson, Dirk;Dirk Pattinson
Coelho, Cássio G.c.;Cássio Giorgio Couto Coelho
José Albuquerque, Denis;Denis Jose S. Albuquerque
Cappelli, Claudia;Claudia Cappelli
Barros, Allisson M. R.;Allisson M. R. Barros
Flávio Leonardo Cavalcanti De Moura;Flavio Leonardo Cavalcanti De Moura
Moreira, Leonardo Henrique;Leonardo Henrique Moreira
Araujo Neto, Jose Pergentino;Jose Pergentino Araujo Neto
De Araujo Neto, Jose Pergentino;Jose Pergentino Araujo Neto
Marconi Ramos, Rafael;Rafael Marconi Ramos
De Almeida, Jonathan M.;Jonathan M. DeAlmeida
Fonseca Abreu, Jefferson Viana;Jefferson Viana Fonseca Abreu
Costa Gondim, Joao Jose;Joao Jose da Costa Gondim
Juarez Paulino Silva Júnior;Juarez Paulino Da Silva Junior
Da Silva Junior, Juarez Paulino;Juarez Paulino Da Silva Junior
Feitosa, Rafael D. F.;Rafael D. F. Feitosa
De Oliveira, Leandro L. G.;Leandro L. G. de Oliveira
Filho, Marcio M. N.;Marcio M. N. Filho
Morais, Cirilo;Cirilo Morais
Benavides, Diego;Diego Benavides
Dias, Rene Octavio Queiroz;René Octivio Queiroz Dias
Souza, Witenberg S. R.;Witenberg S.R. Souza
Alves, Adao Nunes;Adao Nunes Alves
De Carvalho, Rhandy Rafhael;Rhandy Rafhael de Carvalho
Ferreira, Hiro Gabriel Cerqueira;Hiro Gabriel Cerqueira Ferreira
Flavio Elias;Flávio Elias Gomes De Deus
De Deus, Flavio Elias Gomes;Flávio Elias Gomes De Deus
Sérgio Antônio Andrade De Freitas;Sergio Antônio Andrade Freitas
Freitas, Sergio A. A.;Sergio Antônio Andrade Freitas
Silva, Rita C.;Rita C. Silva
Lucena, Tiago Franklin R.;Tiago Franklin Rodrigues Lucena
Cristóvão L Finhani;Cristóvão L. Frinhani
Frinhani, Cristovao Lima;Cristóvão L. Frinhani
De Freitas, Sergio Antonio Andrade;Sergio Antônio Andrade Freitas
Fernandes, Mauricio Vidotti;Mauricio Vidotti Fernandes
Reis, Rafael;Rafael S. Reis
Flávio Leonardo Cavalcanti De Moura;Flavio Leonardo Cavalcanti De Moura
Evangelista, Weudes;Weudes Evangelista
Garcêz De Moura, Pedro;Pedro Garcêz de Moura
Wanderley, Fernando;Fernando Wanderley
Martins, Hugo;Hugo Martins
Medeiros De Mendonça, Jônatas;Jônatas de Mendonça
Silva, Carla;Carla Silva
Fazzolino, Rafael;Rafael Fazzolino
Sérgio Campos Sant'ana;Sérgio Campos Santana
De Faria, Henrique Medrado;Henrique Medrado de Faria
De Oliveira, Caio Matheus Campos;Caio Matheus Campos de Oliveira
Faria, Henrique;Henrique Faria
Mendes, Fabiana Freitas;Fabiana Freitas Mendes
Venson, Elaine;Elaine Venson
Leão, Heloise Acco Tives;Heloise Acco Tives Leao
De Alcântara, Pedro Thiago R.;Pedro Thiago Rocha De Alcântara
Da Costa, Ruyther Parente;Ruyther Parente da Costa
Dos Santos, Felipe Evangelista;Felipe Evangelista dos Santos
Monteiro, Eduardo;Eduardo Monteiro
Luz, Welder;Welder Pinheiro Luz
Rafhael De Carvalho, Rhandy;Rhandy Rafhael de Carvalho
Acco Tives Leao, Heloise;Heloise Acco Tives Leao
Okimoto, Marcio Vinicius;Marcio Vinicius Okimoto
Almeida, Frederico Viana;Frederico Almeida
Angelica Calazans;Angélica Toffano Seidel Calazans
Calazans, Angelica Toffano Seidel;Angélica Toffano Seidel Calazans
Fernando Albuquerque;Fernando De Albuquerque Guimarães
De Albuquerque Guimarães, Fernando;Fernando De Albuquerque Guimarães
De Souza Gonçalves, Fábio;Fábio de Souza Gonçalves
Machado, Michelangelo Da R.;Michelangelo da Rocha Machado
Cardoso, Cristiane Naves;Cristiane Naves Cardoso
Lucas, Walter;Walter Lucas
Marcílio, Diego;Diego Marcilio
Bandeira, Ian Nery;Ian Nery Bandeira
Machado, Thiago Veras;Thiago Veras Machado
Dullens, Vitor F.;Vitor F. Dullens
Costa, Ruyther Parente Da;Ruyther Parente da Costa
Angelica Calazans, T. S.;Angélica Toffano Seidel Calazans
Guimares, Fernando De A.;Fernando De Albuquerque Guimarães
Braosi, Emeli;Emeli Braosi
Kosloski, Ricardo Ajax Dias;Ricardo Ajax Dias Kosloski
Carvalho, Antonio;Antônio Carvalho
Praciano, Bruno;Bruno J. G. Praciano
Nze, Georges;Georges Daniel Amvame Nze
Lopes De Mendonça, Fábio;Fábio Lúcio Lopes Mendonça
Rafael Timóteo De Sousa Júnior;Rafael Timoteo De Sousa Junior
Rafael T. S. Jr;Rafael Timoteo De Sousa Junior
Sousa Jr., Rafael;Rafael Timoteo De Sousa Junior
Pinheiro, Gabriel;Gabriel Passos Moreira Pinheiro
Carvalho, Artur;Artur Potiguara Carvalho
Carvalho, Fernanda;Fernanda Potiguara Carvalho
Carvalho, Pedro;Pedro Potiguara Carvalho
Pergentino, Ana;Ana Carolina Dos Santos Pergentino
Calazans, Angelica;Angélica Toffano Seidel Calazans
Almeida, Frederico;Frederico Almeida
Costa, Pedro;Pedro Henrique Teixeira Costa
Ribeiro, Renato;Renato Carauta Ribeiro
Tives, Heloise;Heloise Acco Tives Leao
Cerqueira, Anderson;Anderson Jefferson Cerqueira
Cerqueira, Jose Antonio Siqueira De;José Antonio Siqueira de Cerqueira
Almeida, Paulo Santos De;Paulo Santos De Almeida
Alves, Gabriel De Oliveira;Gabriel de Oliveira Alves
Giozza, William Ferreira;William Ferreira Giozza
Mendonca, Fabio Lucio Lopes De;Fabio Lucio Lopes De Mendonca
Serebrenik, Alexander;Alexander Serebrenik
Fernanda Gomes;Fernanda Pereira Gomes
Gomes, Fernanda Pereira;Fernanda Pereira Gomes
Brito, Parcilene Fernandes De;Parcilene Brito
Vinícius Gomes Ferreira;Vinicius Gomes Ferreira
Ferreira, Vinicius Gomes;Vinicius Gomes Ferreira
Silva Mota, Jhemeson;Jhemeson Silva Mota
Santos Torres, Kennedy;Kennedy Santos Torres
Silva, Geovana;Geovana Silva
Giovanni Almeida Santos;Giovanni Santos
Santos, Giovanni;Giovanni Santos
Rissoli, Vandor;Vandor Rissoli
Camões, Renato;Renato Camões
Mendonça, Fábio;Fábio Lúcio Lopes Mendonça
Morais Do Vale, Ana;Ana Paula Morais do Vale
Patrão, Rafael;Rafael Leite Patrao
Mendes, Fabiana;Fabiana Freitas Mendes
Fraga, Joni Silva;Joni da Silva Fraga
Da Rocha, Thiago;Thiago da Rocha
Romariz, Alexandre Ricardo Soares;Alexandre Ricardo Soares Romariz
Deborah Mendes;Déborah Mendes Ferreira
Mendes Ferreira, Deborah;Déborah Mendes Ferreira
Ferreira, Deborah Mendes;Déborah Mendes Ferreira
Guimaraes, Pedro P.s.;Pedro P. S. Guimarães
Nunes, Matheus M.;Matheus Nunes
Galembeck, Thais F.;Thaís F. Galembeck
Kalejaiye, Lucas Bamidele T.;Lucas Bamidele T. Kalejaiye
Tenorio, Ruan P.a.;Ruan P. A. Tenório
Viana, Dianne Magalhaes;Dianne Magalhães Viana
Chavez, John R.m.;John R. M. Chavez
De Araújo, Vitor;Vitor De Araújo Vieira
T. Miranda, Ciro;Ciro T. Miranda
Ana Paula G S De Almeida;Ana Paula G. S. Almeida
Paula G. S. Almeida, Ana;Ana Paula G. S. Almeida
Zaghetto, Caue;Cauê Zaghetto
De Oliveira Silva, Vinicius;Vinicius de Oliveira Silva
Franklin, Renato;Renato Franklin
Laranjeira, Luiz;Luiz Laranjeira
Nagel, Nicole R.;Nicole Nagel
Shokranian, Ruzbeh;Ruzbeh Shokranian
Llanos, C;Carlos Humberto Llanos Quintero
Neves, Laís;Lais Neves
Kulezsa, Uirá;Uirá Kulesza
Thomas Mailleux Sant'ana;Thomas Mailleux Santana
Marlene De-souza;Marlene Teixeira De-souza
Gabriel L.oliveira;Gabriel Oliveira
Rogério Schmidt Feris;Rogerio Schmidt Feris
Alysson N Bessani;Alysson Neves Bessani
Claudio Sant’anna;Claudio SantAnna
Maria Emilia Walter;Maria Emilia Machado Telles Walter
Holanda, Maristela T.;Maristela Terto De Holanda
Célia G. Ralha;Celia Ghedini Ralha
Bonifácio, Rodrigo;Rodrigo Bonifacio De Almeida
Bonifacio, Rodrigo;Rodrigo Bonifacio De Almeida
Solis, Priscila;Priscila America Solis Mendez Barreto
De Holanda, Maristela Terto;Maristela Terto De Holanda
Borges, Vinicius Ruela Pereira;Vinicius Ruela Pereira Borges
Almeida, Rodrigo;Rodrigo Bonifacio De Almeida
Jacobi, Ricardo P.;Ricardo Pezzuol Jacobi
